,title,keywords,period,ratio
0,가뭄,"가뭄, 가뭄 피해, 농작물 가뭄, 가뭄 작황, 강수량 부족, 논밭 가뭄, 가뭄 농업, 가뭄 대비, 물 부족, 가뭄 영향",2016-01-01,0.03046
1,가뭄,"가뭄, 가뭄 피해, 농작물 가뭄, 가뭄 작황, 강수량 부족, 논밭 가뭄, 가뭄 농업, 가뭄 대비, 물 부족, 가뭄 영향",2016-02-01,0.02536
2,가뭄,"가뭄, 가뭄 피해, 농작물 가뭄, 가뭄 작황, 강수량 부족, 논밭 가뭄, 가뭄 농업, 가뭄 대비, 물 부족, 가뭄 영향",2016-03-01,0.03862
3,가뭄,"가뭄, 가뭄 피해, 농작물 가뭄, 가뭄 작황, 강수량 부족, 논밭 가뭄, 가뭄 농업, 가뭄 대비, 물 부족, 가뭄 영향",2016-04-01,0.04678
4,가뭄,"가뭄, 가뭄 피해, 농작물 가뭄, 가뭄 작황, 강수량 부족, 논밭 가뭄, 가뭄 농업, 가뭄 대비, 물 부족, 가뭄 영향",2016-05-01,0.06055
5,가뭄,"가뭄, 가뭄 피해, 농작물 가뭄, 가뭄 작황, 강수량 부족, 논밭 가뭄, 가뭄 농업, 가뭄 대비, 물 부족, 가뭄 영향",2016-06-01,0.05812
6,가뭄,"가뭄, 가뭄 피해, 농작물 가뭄, 가뭄 작황, 강수량 부족, 논밭 가뭄, 가뭄 농업, 가뭄 대비, 물 부족, 가뭄 영향",2016-07-01,0.05227
7,가뭄,"가뭄, 가뭄 피해, 농작물 가뭄, 가뭄 작황, 강수량 부족, 논밭 가뭄, 가뭄 농업, 가뭄 대비, 물 부족, 가뭄 영향",2016-08-01,0.07631
8,가뭄,"가뭄, 가뭄 피해, 농작물 가뭄, 가뭄 작황, 강수량 부족, 논밭 가뭄, 가뭄 농업, 가뭄 대비, 물 부족, 가뭄 영향",2016-09-01,0.04073
9,가뭄,"가뭄, 가뭄 피해, 농작물 가뭄, 가뭄 작황, 강수량 부족, 논밭 가뭄, 가뭄 농업, 가뭄 대비, 물 부족, 가뭄 영향",2016-10-01,0.03254
10,가뭄,"가뭄, 가뭄 피해, 농작물 가뭄, 가뭄 작황, 강수량 부족, 논밭 가뭄, 가뭄 농업, 가뭄 대비, 물 부족, 가뭄 영향",2016-11-01,0.03092
11,가뭄,"가뭄, 가뭄 피해, 농작물 가뭄, 가뭄 작황, 강수량 부족, 논밭 가뭄, 가뭄 농업, 가뭄 대비, 물 부족, 가뭄 영향",2016-12-01,0.02138
12,가뭄,"가뭄, 가뭄 피해, 농작물 가뭄, 가뭄 작황, 강수량 부족, 논밭 가뭄, 가뭄 농업, 가뭄 대비, 물 부족, 가뭄 영향",2017-01-01,0.01635
13,가뭄,"가뭄, 가뭄 피해, 농작물 가뭄, 가뭄 작황, 강수량 부족, 논밭 가뭄, 가뭄 농업, 가뭄 대비, 물 부족, 가뭄 영향",2017-02-01,0.02122
14,가뭄,"가뭄, 가뭄 피해, 농작물 가뭄, 가뭄 작황, 강수량 부족, 논밭 가뭄, 가뭄 농업, 가뭄 대비, 물 부족, 가뭄 영향",2017-03-01,0.02957
15,가뭄,"가뭄, 가뭄 피해, 농작물 가뭄, 가뭄 작황, 강수량 부족, 논밭 가뭄, 가뭄 농업, 가뭄 대비, 물 부족, 가뭄 영향",2017-04-01,0.0363
16,가뭄,"가뭄, 가뭄 피해, 농작물 가뭄, 가뭄 작황, 강수량 부족, 논밭 가뭄, 가뭄 농업, 가뭄 대비, 물 부족, 가뭄 영향",2017-05-01,0.16072
17,가뭄,"가뭄, 가뭄 피해, 농작물 가뭄, 가뭄 작황, 강수량 부족, 논밭 가뭄, 가뭄 농업, 가뭄 대비, 물 부족, 가뭄 영향",2017-06-01,1.43121
18,가뭄,"가뭄, 가뭄 피해, 농작물 가뭄, 가뭄 작황, 강수량 부족, 논밭 가뭄, 가뭄 농업, 가뭄 대비, 물 부족, 가뭄 영향",2017-07-01,0.54709
19,가뭄,"가뭄, 가뭄 피해, 농작물 가뭄, 가뭄 작황, 강수량 부족, 논밭 가뭄, 가뭄 농업, 가뭄 대비, 물 부족, 가뭄 영향",2017-08-01,0.0721
20,가뭄,"가뭄, 가뭄 피해, 농작물 가뭄, 가뭄 작황, 강수량 부족, 논밭 가뭄, 가뭄 농업, 가뭄 대비, 물 부족, 가뭄 영향",2017-09-01,0.03981
21,가뭄,"가뭄, 가뭄 피해, 농작물 가뭄, 가뭄 작황, 강수량 부족, 논밭 가뭄, 가뭄 농업, 가뭄 대비, 물 부족, 가뭄 영향",2017-10-01,0.0301
22,가뭄,"가뭄, 가뭄 피해, 농작물 가뭄, 가뭄 작황, 강수량 부족, 논밭 가뭄, 가뭄 농업, 가뭄 대비, 물 부족, 가뭄 영향",2017-11-01,0.03781
23,가뭄,"가뭄, 가뭄 피해, 농작물 가뭄, 가뭄 작황, 강수량 부족, 논밭 가뭄, 가뭄 농업, 가뭄 대비, 물 부족, 가뭄 영향",2017-12-01,0.03043
24,가뭄,"가뭄, 가뭄 피해, 농작물 가뭄, 가뭄 작황, 강수량 부족, 논밭 가뭄, 가뭄 농업, 가뭄 대비, 물 부족, 가뭄 영향",2018-01-01,0.03195
25,가뭄,"가뭄, 가뭄 피해, 농작물 가뭄, 가뭄 작황, 강수량 부족, 논밭 가뭄, 가뭄 농업, 가뭄 대비, 물 부족, 가뭄 영향",2018-02-01,0.04526
26,가뭄,"가뭄, 가뭄 피해, 농작물 가뭄, 가뭄 작황, 강수량 부족, 논밭 가뭄, 가뭄 농업, 가뭄 대비, 물 부족, 가뭄 영향",2018-03-01,0.0658
27,가뭄,"가뭄, 가뭄 피해, 농작물 가뭄, 가뭄 작황, 강수량 부족, 논밭 가뭄, 가뭄 농업, 가뭄 대비, 물 부족, 가뭄 영향",2018-04-01,0.05462
28,가뭄,"가뭄, 가뭄 피해, 농작물 가뭄, 가뭄 작황, 강수량 부족, 논밭 가뭄, 가뭄 농업, 가뭄 대비, 물 부족, 가뭄 영향",2018-05-01,0.05278
29,가뭄,"가뭄, 가뭄 피해, 농작물 가뭄, 가뭄 작황, 강수량 부족, 논밭 가뭄, 가뭄 농업, 가뭄 대비, 물 부족, 가뭄 영향",2018-06-01,0.05979
30,가뭄,"가뭄, 가뭄 피해, 농작물 가뭄, 가뭄 작황, 강수량 부족, 논밭 가뭄, 가뭄 농업, 가뭄 대비, 물 부족, 가뭄 영향",2018-07-01,0.08548
31,가뭄,"가뭄, 가뭄 피해, 농작물 가뭄, 가뭄 작황, 강수량 부족, 논밭 가뭄, 가뭄 농업, 가뭄 대비, 물 부족, 가뭄 영향",2018-08-01,0.15732
32,가뭄,"가뭄, 가뭄 피해, 농작물 가뭄, 가뭄 작황, 강수량 부족, 논밭 가뭄, 가뭄 농업, 가뭄 대비, 물 부족, 가뭄 영향",2018-09-01,0.03434
33,가뭄,"가뭄, 가뭄 피해, 농작물 가뭄, 가뭄 작황, 강수량 부족, 논밭 가뭄, 가뭄 농업, 가뭄 대비, 물 부족, 가뭄 영향",2018-10-01,0.03405
34,가뭄,"가뭄, 가뭄 피해, 농작물 가뭄, 가뭄 작황, 강수량 부족, 논밭 가뭄, 가뭄 농업, 가뭄 대비, 물 부족, 가뭄 영향",2018-11-01,0.03257
35,가뭄,"가뭄, 가뭄 피해, 농작물 가뭄, 가뭄 작황, 강수량 부족, 논밭 가뭄, 가뭄 농업, 가뭄 대비, 물 부족, 가뭄 영향",2018-12-01,0.02264
36,가뭄,"가뭄, 가뭄 피해, 농작물 가뭄, 가뭄 작황, 강수량 부족, 논밭 가뭄, 가뭄 농업, 가뭄 대비, 물 부족, 가뭄 영향",2019-01-01,0.02679
37,가뭄,"가뭄, 가뭄 피해, 농작물 가뭄, 가뭄 작황, 강수량 부족, 논밭 가뭄, 가뭄 농업, 가뭄 대비, 물 부족, 가뭄 영향",2019-02-01,0.0174
38,가뭄,"가뭄, 가뭄 피해, 농작물 가뭄, 가뭄 작황, 강수량 부족, 논밭 가뭄, 가뭄 농업, 가뭄 대비, 물 부족, 가뭄 영향",2019-03-01,0.02951
39,가뭄,"가뭄, 가뭄 피해, 농작물 가뭄, 가뭄 작황, 강수량 부족, 논밭 가뭄, 가뭄 농업, 가뭄 대비, 물 부족, 가뭄 영향",2019-04-01,0.08773
40,가뭄,"가뭄, 가뭄 피해, 농작물 가뭄, 가뭄 작황, 강수량 부족, 논밭 가뭄, 가뭄 농업, 가뭄 대비, 물 부족, 가뭄 영향",2019-05-01,0.06321
41,가뭄,"가뭄, 가뭄 피해, 농작물 가뭄, 가뭄 작황, 강수량 부족, 논밭 가뭄, 가뭄 농업, 가뭄 대비, 물 부족, 가뭄 영향",2019-06-01,0.05639
42,가뭄,"가뭄, 가뭄 피해, 농작물 가뭄, 가뭄 작황, 강수량 부족, 논밭 가뭄, 가뭄 농업, 가뭄 대비, 물 부족, 가뭄 영향",2019-07-01,0.073
43,가뭄,"가뭄, 가뭄 피해, 농작물 가뭄, 가뭄 작황, 강수량 부족, 논밭 가뭄, 가뭄 농업, 가뭄 대비, 물 부족, 가뭄 영향",2019-08-01,0.03304
44,가뭄,"가뭄, 가뭄 피해, 농작물 가뭄, 가뭄 작황, 강수량 부족, 논밭 가뭄, 가뭄 농업, 가뭄 대비, 물 부족, 가뭄 영향",2019-09-01,0.03201
45,가뭄,"가뭄, 가뭄 피해, 농작물 가뭄, 가뭄 작황, 강수량 부족, 논밭 가뭄, 가뭄 농업, 가뭄 대비, 물 부족, 가뭄 영향",2019-10-01,0.02983
46,가뭄,"가뭄, 가뭄 피해, 농작물 가뭄, 가뭄 작황, 강수량 부족, 논밭 가뭄, 가뭄 농업, 가뭄 대비, 물 부족, 가뭄 영향",2019-11-01,0.03314
47,가뭄,"가뭄, 가뭄 피해, 농작물 가뭄, 가뭄 작황, 강수량 부족, 논밭 가뭄, 가뭄 농업, 가뭄 대비, 물 부족, 가뭄 영향",2019-12-01,0.02281
48,가뭄,"가뭄, 가뭄 피해, 농작물 가뭄, 가뭄 작황, 강수량 부족, 논밭 가뭄, 가뭄 농업, 가뭄 대비, 물 부족, 가뭄 영향",2020-01-01,0.01446
49,가뭄,"가뭄, 가뭄 피해, 농작물 가뭄, 가뭄 작황, 강수량 부족, 논밭 가뭄, 가뭄 농업, 가뭄 대비, 물 부족, 가뭄 영향",2020-02-01,0.01306
50,가뭄,"가뭄, 가뭄 피해, 농작물 가뭄, 가뭄 작황, 강수량 부족, 논밭 가뭄, 가뭄 농업, 가뭄 대비, 물 부족, 가뭄 영향",2020-03-01,0.01828
51,가뭄,"가뭄, 가뭄 피해, 농작물 가뭄, 가뭄 작황, 강수량 부족, 논밭 가뭄, 가뭄 농업, 가뭄 대비, 물 부족, 가뭄 영향",2020-04-01,0.02852
52,가뭄,"가뭄, 가뭄 피해, 농작물 가뭄, 가뭄 작황, 강수량 부족, 논밭 가뭄, 가뭄 농업, 가뭄 대비, 물 부족, 가뭄 영향",2020-05-01,0.0646
53,가뭄,"가뭄, 가뭄 피해, 농작물 가뭄, 가뭄 작황, 강수량 부족, 논밭 가뭄, 가뭄 농업, 가뭄 대비, 물 부족, 가뭄 영향",2020-06-01,0.04567
54,가뭄,"가뭄, 가뭄 피해, 농작물 가뭄, 가뭄 작황, 강수량 부족, 논밭 가뭄, 가뭄 농업, 가뭄 대비, 물 부족, 가뭄 영향",2020-07-01,0.05048
55,가뭄,"가뭄, 가뭄 피해, 농작물 가뭄, 가뭄 작황, 강수량 부족, 논밭 가뭄, 가뭄 농업, 가뭄 대비, 물 부족, 가뭄 영향",2020-08-01,0.02846
56,가뭄,"가뭄, 가뭄 피해, 농작물 가뭄, 가뭄 작황, 강수량 부족, 논밭 가뭄, 가뭄 농업, 가뭄 대비, 물 부족, 가뭄 영향",2020-09-01,0.02526
57,가뭄,"가뭄, 가뭄 피해, 농작물 가뭄, 가뭄 작황, 강수량 부족, 논밭 가뭄, 가뭄 농업, 가뭄 대비, 물 부족, 가뭄 영향",2020-10-01,0.02741
58,가뭄,"가뭄, 가뭄 피해, 농작물 가뭄, 가뭄 작황, 강수량 부족, 논밭 가뭄, 가뭄 농업, 가뭄 대비, 물 부족, 가뭄 영향",2020-11-01,0.0305
59,가뭄,"가뭄, 가뭄 피해, 농작물 가뭄, 가뭄 작황, 강수량 부족, 논밭 가뭄, 가뭄 농업, 가뭄 대비, 물 부족, 가뭄 영향",2020-12-01,0.02593
60,가뭄,"가뭄, 가뭄 피해, 농작물 가뭄, 가뭄 작황, 강수량 부족, 논밭 가뭄, 가뭄 농업, 가뭄 대비, 물 부족, 가뭄 영향",2021-01-01,0.01824
61,가뭄,"가뭄, 가뭄 피해, 농작물 가뭄, 가뭄 작황, 강수량 부족, 논밭 가뭄, 가뭄 농업, 가뭄 대비, 물 부족, 가뭄 영향",2021-02-01,0.01352
62,가뭄,"가뭄, 가뭄 피해, 농작물 가뭄, 가뭄 작황, 강수량 부족, 논밭 가뭄, 가뭄 농업, 가뭄 대비, 물 부족, 가뭄 영향",2021-03-01,0.02578
63,가뭄,"가뭄, 가뭄 피해, 농작물 가뭄, 가뭄 작황, 강수량 부족, 논밭 가뭄, 가뭄 농업, 가뭄 대비, 물 부족, 가뭄 영향",2021-04-01,0.07615
64,가뭄,"가뭄, 가뭄 피해, 농작물 가뭄, 가뭄 작황, 강수량 부족, 논밭 가뭄, 가뭄 농업, 가뭄 대비, 물 부족, 가뭄 영향",2021-05-01,0.04203
65,가뭄,"가뭄, 가뭄 피해, 농작물 가뭄, 가뭄 작황, 강수량 부족, 논밭 가뭄, 가뭄 농업, 가뭄 대비, 물 부족, 가뭄 영향",2021-06-01,0.0542
66,가뭄,"가뭄, 가뭄 피해, 농작물 가뭄, 가뭄 작황, 강수량 부족, 논밭 가뭄, 가뭄 농업, 가뭄 대비, 물 부족, 가뭄 영향",2021-07-01,0.0502
67,가뭄,"가뭄, 가뭄 피해, 농작물 가뭄, 가뭄 작황, 강수량 부족, 논밭 가뭄, 가뭄 농업, 가뭄 대비, 물 부족, 가뭄 영향",2021-08-01,0.03802
68,가뭄,"가뭄, 가뭄 피해, 농작물 가뭄, 가뭄 작황, 강수량 부족, 논밭 가뭄, 가뭄 농업, 가뭄 대비, 물 부족, 가뭄 영향",2021-09-01,0.02898
69,가뭄,"가뭄, 가뭄 피해, 농작물 가뭄, 가뭄 작황, 강수량 부족, 논밭 가뭄, 가뭄 농업, 가뭄 대비, 물 부족, 가뭄 영향",2021-10-01,0.03018
70,가뭄,"가뭄, 가뭄 피해, 농작물 가뭄, 가뭄 작황, 강수량 부족, 논밭 가뭄, 가뭄 농업, 가뭄 대비, 물 부족, 가뭄 영향",2021-11-01,0.03107
71,가뭄,"가뭄, 가뭄 피해, 농작물 가뭄, 가뭄 작황, 강수량 부족, 논밭 가뭄, 가뭄 농업, 가뭄 대비, 물 부족, 가뭄 영향",2021-12-01,0.03119
72,가뭄,"가뭄, 가뭄 피해, 농작물 가뭄, 가뭄 작황, 강수량 부족, 논밭 가뭄, 가뭄 농업, 가뭄 대비, 물 부족, 가뭄 영향",2022-01-01,0.01997
73,가뭄,"가뭄, 가뭄 피해, 농작물 가뭄, 가뭄 작황, 강수량 부족, 논밭 가뭄, 가뭄 농업, 가뭄 대비, 물 부족, 가뭄 영향",2022-02-01,0.02364
74,가뭄,"가뭄, 가뭄 피해, 농작물 가뭄, 가뭄 작황, 강수량 부족, 논밭 가뭄, 가뭄 농업, 가뭄 대비, 물 부족, 가뭄 영향",2022-03-01,0.04195
75,가뭄,"가뭄, 가뭄 피해, 농작물 가뭄, 가뭄 작황, 강수량 부족, 논밭 가뭄, 가뭄 농업, 가뭄 대비, 물 부족, 가뭄 영향",2022-04-01,0.09099
76,가뭄,"가뭄, 가뭄 피해, 농작물 가뭄, 가뭄 작황, 강수량 부족, 논밭 가뭄, 가뭄 농업, 가뭄 대비, 물 부족, 가뭄 영향",2022-05-01,0.14375
77,가뭄,"가뭄, 가뭄 피해, 농작물 가뭄, 가뭄 작황, 강수량 부족, 논밭 가뭄, 가뭄 농업, 가뭄 대비, 물 부족, 가뭄 영향",2022-06-01,0.52343
78,가뭄,"가뭄, 가뭄 피해, 농작물 가뭄, 가뭄 작황, 강수량 부족, 논밭 가뭄, 가뭄 농업, 가뭄 대비, 물 부족, 가뭄 영향",2022-07-01,0.11747
79,가뭄,"가뭄, 가뭄 피해, 농작물 가뭄, 가뭄 작황, 강수량 부족, 논밭 가뭄, 가뭄 농업, 가뭄 대비, 물 부족, 가뭄 영향",2022-08-01,0.10585
80,가뭄,"가뭄, 가뭄 피해, 농작물 가뭄, 가뭄 작황, 강수량 부족, 논밭 가뭄, 가뭄 농업, 가뭄 대비, 물 부족, 가뭄 영향",2022-09-01,0.0497
81,가뭄,"가뭄, 가뭄 피해, 농작물 가뭄, 가뭄 작황, 강수량 부족, 논밭 가뭄, 가뭄 농업, 가뭄 대비, 물 부족, 가뭄 영향",2022-10-01,0.03954
82,가뭄,"가뭄, 가뭄 피해, 농작물 가뭄, 가뭄 작황, 강수량 부족, 논밭 가뭄, 가뭄 농업, 가뭄 대비, 물 부족, 가뭄 영향",2022-11-01,0.13417
83,가뭄,"가뭄, 가뭄 피해, 농작물 가뭄, 가뭄 작황, 강수량 부족, 논밭 가뭄, 가뭄 농업, 가뭄 대비, 물 부족, 가뭄 영향",2022-12-01,0.09234
84,가뭄,"가뭄, 가뭄 피해, 농작물 가뭄, 가뭄 작황, 강수량 부족, 논밭 가뭄, 가뭄 농업, 가뭄 대비, 물 부족, 가뭄 영향",2023-01-01,0.04744
85,가뭄,"가뭄, 가뭄 피해, 농작물 가뭄, 가뭄 작황, 강수량 부족, 논밭 가뭄, 가뭄 농업, 가뭄 대비, 물 부족, 가뭄 영향",2023-02-01,0.03433
86,가뭄,"가뭄, 가뭄 피해, 농작물 가뭄, 가뭄 작황, 강수량 부족, 논밭 가뭄, 가뭄 농업, 가뭄 대비, 물 부족, 가뭄 영향",2023-03-01,0.08957
87,가뭄,"가뭄, 가뭄 피해, 농작물 가뭄, 가뭄 작황, 강수량 부족, 논밭 가뭄, 가뭄 농업, 가뭄 대비, 물 부족, 가뭄 영향",2023-04-01,0.14169
88,가뭄,"가뭄, 가뭄 피해, 농작물 가뭄, 가뭄 작황, 강수량 부족, 논밭 가뭄, 가뭄 농업, 가뭄 대비, 물 부족, 가뭄 영향",2023-05-01,0.10843
89,가뭄,"가뭄, 가뭄 피해, 농작물 가뭄, 가뭄 작황, 강수량 부족, 논밭 가뭄, 가뭄 농업, 가뭄 대비, 물 부족, 가뭄 영향",2023-06-01,0.06328
90,가뭄,"가뭄, 가뭄 피해, 농작물 가뭄, 가뭄 작황, 강수량 부족, 논밭 가뭄, 가뭄 농업, 가뭄 대비, 물 부족, 가뭄 영향",2023-07-01,0.04862
91,가뭄,"가뭄, 가뭄 피해, 농작물 가뭄, 가뭄 작황, 강수량 부족, 논밭 가뭄, 가뭄 농업, 가뭄 대비, 물 부족, 가뭄 영향",2023-08-01,0.02432
92,가뭄,"가뭄, 가뭄 피해, 농작물 가뭄, 가뭄 작황, 강수량 부족, 논밭 가뭄, 가뭄 농업, 가뭄 대비, 물 부족, 가뭄 영향",2023-09-01,0.02581
93,가뭄,"가뭄, 가뭄 피해, 농작물 가뭄, 가뭄 작황, 강수량 부족, 논밭 가뭄, 가뭄 농업, 가뭄 대비, 물 부족, 가뭄 영향",2023-10-01,0.02728
94,가뭄,"가뭄, 가뭄 피해, 농작물 가뭄, 가뭄 작황, 강수량 부족, 논밭 가뭄, 가뭄 농업, 가뭄 대비, 물 부족, 가뭄 영향",2023-11-01,0.03047
95,가뭄,"가뭄, 가뭄 피해, 농작물 가뭄, 가뭄 작황, 강수량 부족, 논밭 가뭄, 가뭄 농업, 가뭄 대비, 물 부족, 가뭄 영향",2023-12-01,0.03178
96,가뭄,"가뭄, 가뭄 피해, 농작물 가뭄, 가뭄 작황, 강수량 부족, 논밭 가뭄, 가뭄 농업, 가뭄 대비, 물 부족, 가뭄 영향",2024-01-01,0.01765
97,가뭄,"가뭄, 가뭄 피해, 농작물 가뭄, 가뭄 작황, 강수량 부족, 논밭 가뭄, 가뭄 농업, 가뭄 대비, 물 부족, 가뭄 영향",2024-02-01,0.01559
98,가뭄,"가뭄, 가뭄 피해, 농작물 가뭄, 가뭄 작황, 강수량 부족, 논밭 가뭄, 가뭄 농업, 가뭄 대비, 물 부족, 가뭄 영향",2024-03-01,0.0239
99,가뭄,"가뭄, 가뭄 피해, 농작물 가뭄, 가뭄 작황, 강수량 부족, 논밭 가뭄, 가뭄 농업, 가뭄 대비, 물 부족, 가뭄 영향",2024-04-01,0.04376
100,가뭄,"가뭄, 가뭄 피해, 농작물 가뭄, 가뭄 작황, 강수량 부족, 논밭 가뭄, 가뭄 농업, 가뭄 대비, 물 부족, 가뭄 영향",2024-05-01,0.03935
101,가뭄,"가뭄, 가뭄 피해, 농작물 가뭄, 가뭄 작황, 강수량 부족, 논밭 가뭄, 가뭄 농업, 가뭄 대비, 물 부족, 가뭄 영향",2024-06-01,0.0441
102,가뭄,"가뭄, 가뭄 피해, 농작물 가뭄, 가뭄 작황, 강수량 부족, 논밭 가뭄, 가뭄 농업, 가뭄 대비, 물 부족, 가뭄 영향",2024-07-01,0.03584
103,가뭄,"가뭄, 가뭄 피해, 농작물 가뭄, 가뭄 작황, 강수량 부족, 논밭 가뭄, 가뭄 농업, 가뭄 대비, 물 부족, 가뭄 영향",2024-08-01,0.03333
104,가뭄,"가뭄, 가뭄 피해, 농작물 가뭄, 가뭄 작황, 강수량 부족, 논밭 가뭄, 가뭄 농업, 가뭄 대비, 물 부족, 가뭄 영향",2024-09-01,0.03408
105,가뭄,"가뭄, 가뭄 피해, 농작물 가뭄, 가뭄 작황, 강수량 부족, 논밭 가뭄, 가뭄 농업, 가뭄 대비, 물 부족, 가뭄 영향",2024-10-01,0.02642
106,가뭄,"가뭄, 가뭄 피해, 농작물 가뭄, 가뭄 작황, 강수량 부족, 논밭 가뭄, 가뭄 농업, 가뭄 대비, 물 부족, 가뭄 영향",2024-11-01,0.02707
107,가뭄,"가뭄, 가뭄 피해, 농작물 가뭄, 가뭄 작황, 강수량 부족, 논밭 가뭄, 가뭄 농업, 가뭄 대비, 물 부족, 가뭄 영향",2024-12-01,0.02826
108,가뭄,"가뭄, 가뭄 피해, 농작물 가뭄, 가뭄 작황, 강수량 부족, 논밭 가뭄, 가뭄 농업, 가뭄 대비, 물 부족, 가뭄 영향",2025-01-01,0.01559
109,가뭄,"가뭄, 가뭄 피해, 농작물 가뭄, 가뭄 작황, 강수량 부족, 논밭 가뭄, 가뭄 농업, 가뭄 대비, 물 부족, 가뭄 영향",2025-02-01,0.01469
110,가뭄,"가뭄, 가뭄 피해, 농작물 가뭄, 가뭄 작황, 강수량 부족, 논밭 가뭄, 가뭄 농업, 가뭄 대비, 물 부족, 가뭄 영향",2025-03-01,0.02085
111,가뭄,"가뭄, 가뭄 피해, 농작물 가뭄, 가뭄 작황, 강수량 부족, 논밭 가뭄, 가뭄 농업, 가뭄 대비, 물 부족, 가뭄 영향",2025-04-01,0.03343
112,가뭄,"가뭄, 가뭄 피해, 농작물 가뭄, 가뭄 작황, 강수량 부족, 논밭 가뭄, 가뭄 농업, 가뭄 대비, 물 부족, 가뭄 영향",2025-05-01,0.02009
113,태풍,"태풍, 태풍 피해, 태풍 강도, 태풍 피해 농가, 태풍 농작물, 태풍 수확, 태풍 침수, 태풍 경로, 태풍 피해 복구, 태풍 경보",2016-01-01,0.24998
114,태풍,"태풍, 태풍 피해, 태풍 강도, 태풍 피해 농가, 태풍 농작물, 태풍 수확, 태풍 침수, 태풍 경로, 태풍 피해 복구, 태풍 경보",2016-02-01,0.21282
115,태풍,"태풍, 태풍 피해, 태풍 강도, 태풍 피해 농가, 태풍 농작물, 태풍 수확, 태풍 침수, 태풍 경로, 태풍 피해 복구, 태풍 경보",2016-03-01,0.14019
116,태풍,"태풍, 태풍 피해, 태풍 강도, 태풍 피해 농가, 태풍 농작물, 태풍 수확, 태풍 침수, 태풍 경로, 태풍 피해 복구, 태풍 경보",2016-04-01,0.87016
117,태풍,"태풍, 태풍 피해, 태풍 강도, 태풍 피해 농가, 태풍 농작물, 태풍 수확, 태풍 침수, 태풍 경로, 태풍 피해 복구, 태풍 경보",2016-05-01,0.71121
118,태풍,"태풍, 태풍 피해, 태풍 강도, 태풍 피해 농가, 태풍 농작물, 태풍 수확, 태풍 침수, 태풍 경로, 태풍 피해 복구, 태풍 경보",2016-06-01,0.43044
119,태풍,"태풍, 태풍 피해, 태풍 강도, 태풍 피해 농가, 태풍 농작물, 태풍 수확, 태풍 침수, 태풍 경로, 태풍 피해 복구, 태풍 경보",2016-07-01,23.52669
120,태풍,"태풍, 태풍 피해, 태풍 강도, 태풍 피해 농가, 태풍 농작물, 태풍 수확, 태풍 침수, 태풍 경로, 태풍 피해 복구, 태풍 경보",2016-08-01,29.0875
121,태풍,"태풍, 태풍 피해, 태풍 강도, 태풍 피해 농가, 태풍 농작물, 태풍 수확, 태풍 침수, 태풍 경로, 태풍 피해 복구, 태풍 경보",2016-09-01,44.0432
122,태풍,"태풍, 태풍 피해, 태풍 강도, 태풍 피해 농가, 태풍 농작물, 태풍 수확, 태풍 침수, 태풍 경로, 태풍 피해 복구, 태풍 경보",2016-10-01,49.32628
123,태풍,"태풍, 태풍 피해, 태풍 강도, 태풍 피해 농가, 태풍 농작물, 태풍 수확, 태풍 침수, 태풍 경로, 태풍 피해 복구, 태풍 경보",2016-11-01,0.734
124,태풍,"태풍, 태풍 피해, 태풍 강도, 태풍 피해 농가, 태풍 농작물, 태풍 수확, 태풍 침수, 태풍 경로, 태풍 피해 복구, 태풍 경보",2016-12-01,0.4592
125,태풍,"태풍, 태풍 피해, 태풍 강도, 태풍 피해 농가, 태풍 농작물, 태풍 수확, 태풍 침수, 태풍 경로, 태풍 피해 복구, 태풍 경보",2017-01-01,0.29922
126,태풍,"태풍, 태풍 피해, 태풍 강도, 태풍 피해 농가, 태풍 농작물, 태풍 수확, 태풍 침수, 태풍 경로, 태풍 피해 복구, 태풍 경보",2017-02-01,0.21158
127,태풍,"태풍, 태풍 피해, 태풍 강도, 태풍 피해 농가, 태풍 농작물, 태풍 수확, 태풍 침수, 태풍 경로, 태풍 피해 복구, 태풍 경보",2017-03-01,0.19913
128,태풍,"태풍, 태풍 피해, 태풍 강도, 태풍 피해 농가, 태풍 농작물, 태풍 수확, 태풍 침수, 태풍 경로, 태풍 피해 복구, 태풍 경보",2017-04-01,0.27646
129,태풍,"태풍, 태풍 피해, 태풍 강도, 태풍 피해 농가, 태풍 농작물, 태풍 수확, 태풍 침수, 태풍 경로, 태풍 피해 복구, 태풍 경보",2017-05-01,0.33566
130,태풍,"태풍, 태풍 피해, 태풍 강도, 태풍 피해 농가, 태풍 농작물, 태풍 수확, 태풍 침수, 태풍 경로, 태풍 피해 복구, 태풍 경보",2017-06-01,0.49142
131,태풍,"태풍, 태풍 피해, 태풍 강도, 태풍 피해 농가, 태풍 농작물, 태풍 수확, 태풍 침수, 태풍 경로, 태풍 피해 복구, 태풍 경보",2017-07-01,23.96194
132,태풍,"태풍, 태풍 피해, 태풍 강도, 태풍 피해 농가, 태풍 농작물, 태풍 수확, 태풍 침수, 태풍 경로, 태풍 피해 복구, 태풍 경보",2017-08-01,14.57348
133,태풍,"태풍, 태풍 피해, 태풍 강도, 태풍 피해 농가, 태풍 농작물, 태풍 수확, 태풍 침수, 태풍 경로, 태풍 피해 복구, 태풍 경보",2017-09-01,18.73301
134,태풍,"태풍, 태풍 피해, 태풍 강도, 태풍 피해 농가, 태풍 농작물, 태풍 수확, 태풍 침수, 태풍 경로, 태풍 피해 복구, 태풍 경보",2017-10-01,17.05678
135,태풍,"태풍, 태풍 피해, 태풍 강도, 태풍 피해 농가, 태풍 농작물, 태풍 수확, 태풍 침수, 태풍 경로, 태풍 피해 복구, 태풍 경보",2017-11-01,1.51747
136,태풍,"태풍, 태풍 피해, 태풍 강도, 태풍 피해 농가, 태풍 농작물, 태풍 수확, 태풍 침수, 태풍 경로, 태풍 피해 복구, 태풍 경보",2017-12-01,0.60903
137,태풍,"태풍, 태풍 피해, 태풍 강도, 태풍 피해 농가, 태풍 농작물, 태풍 수확, 태풍 침수, 태풍 경로, 태풍 피해 복구, 태풍 경보",2018-01-01,0.32008
138,태풍,"태풍, 태풍 피해, 태풍 강도, 태풍 피해 농가, 태풍 농작물, 태풍 수확, 태풍 침수, 태풍 경로, 태풍 피해 복구, 태풍 경보",2018-02-01,0.41677
139,태풍,"태풍, 태풍 피해, 태풍 강도, 태풍 피해 농가, 태풍 농작물, 태풍 수확, 태풍 침수, 태풍 경로, 태풍 피해 복구, 태풍 경보",2018-03-01,0.27213
140,태풍,"태풍, 태풍 피해, 태풍 강도, 태풍 피해 농가, 태풍 농작물, 태풍 수확, 태풍 침수, 태풍 경로, 태풍 피해 복구, 태풍 경보",2018-04-01,0.44664
141,태풍,"태풍, 태풍 피해, 태풍 강도, 태풍 피해 농가, 태풍 농작물, 태풍 수확, 태풍 침수, 태풍 경로, 태풍 피해 복구, 태풍 경보",2018-05-01,0.3058
142,태풍,"태풍, 태풍 피해, 태풍 강도, 태풍 피해 농가, 태풍 농작물, 태풍 수확, 태풍 침수, 태풍 경로, 태풍 피해 복구, 태풍 경보",2018-06-01,29.22144
143,태풍,"태풍, 태풍 피해, 태풍 강도, 태풍 피해 농가, 태풍 농작물, 태풍 수확, 태풍 침수, 태풍 경로, 태풍 피해 복구, 태풍 경보",2018-07-01,33.74309
144,태풍,"태풍, 태풍 피해, 태풍 강도, 태풍 피해 농가, 태풍 농작물, 태풍 수확, 태풍 침수, 태풍 경로, 태풍 피해 복구, 태풍 경보",2018-08-01,100.0
145,태풍,"태풍, 태풍 피해, 태풍 강도, 태풍 피해 농가, 태풍 농작물, 태풍 수확, 태풍 침수, 태풍 경로, 태풍 피해 복구, 태풍 경보",2018-09-01,17.06367
146,태풍,"태풍, 태풍 피해, 태풍 강도, 태풍 피해 농가, 태풍 농작물, 태풍 수확, 태풍 침수, 태풍 경로, 태풍 피해 복구, 태풍 경보",2018-10-01,42.32818
147,태풍,"태풍, 태풍 피해, 태풍 강도, 태풍 피해 농가, 태풍 농작물, 태풍 수확, 태풍 침수, 태풍 경로, 태풍 피해 복구, 태풍 경보",2018-11-01,0.68256
148,태풍,"태풍, 태풍 피해, 태풍 강도, 태풍 피해 농가, 태풍 농작물, 태풍 수확, 태풍 침수, 태풍 경로, 태풍 피해 복구, 태풍 경보",2018-12-01,0.293
149,태풍,"태풍, 태풍 피해, 태풍 강도, 태풍 피해 농가, 태풍 농작물, 태풍 수확, 태풍 침수, 태풍 경로, 태풍 피해 복구, 태풍 경보",2019-01-01,0.22662
150,태풍,"태풍, 태풍 피해, 태풍 강도, 태풍 피해 농가, 태풍 농작물, 태풍 수확, 태풍 침수, 태풍 경로, 태풍 피해 복구, 태풍 경보",2019-02-01,0.33286
151,태풍,"태풍, 태풍 피해, 태풍 강도, 태풍 피해 농가, 태풍 농작물, 태풍 수확, 태풍 침수, 태풍 경로, 태풍 피해 복구, 태풍 경보",2019-03-01,0.34672
152,태풍,"태풍, 태풍 피해, 태풍 강도, 태풍 피해 농가, 태풍 농작물, 태풍 수확, 태풍 침수, 태풍 경로, 태풍 피해 복구, 태풍 경보",2019-04-01,0.59847
153,태풍,"태풍, 태풍 피해, 태풍 강도, 태풍 피해 농가, 태풍 농작물, 태풍 수확, 태풍 침수, 태풍 경로, 태풍 피해 복구, 태풍 경보",2019-05-01,1.4391
154,태풍,"태풍, 태풍 피해, 태풍 강도, 태풍 피해 농가, 태풍 농작물, 태풍 수확, 태풍 침수, 태풍 경로, 태풍 피해 복구, 태풍 경보",2019-06-01,1.97963
155,태풍,"태풍, 태풍 피해, 태풍 강도, 태풍 피해 농가, 태풍 농작물, 태풍 수확, 태풍 침수, 태풍 경로, 태풍 피해 복구, 태풍 경보",2019-07-01,41.24936
156,태풍,"태풍, 태풍 피해, 태풍 강도, 태풍 피해 농가, 태풍 농작물, 태풍 수확, 태풍 침수, 태풍 경로, 태풍 피해 복구, 태풍 경보",2019-08-01,55.13006
157,태풍,"태풍, 태풍 피해, 태풍 강도, 태풍 피해 농가, 태풍 농작물, 태풍 수확, 태풍 침수, 태풍 경로, 태풍 피해 복구, 태풍 경보",2019-09-01,98.45537
158,태풍,"태풍, 태풍 피해, 태풍 강도, 태풍 피해 농가, 태풍 농작물, 태풍 수확, 태풍 침수, 태풍 경로, 태풍 피해 복구, 태풍 경보",2019-10-01,35.71637
159,태풍,"태풍, 태풍 피해, 태풍 강도, 태풍 피해 농가, 태풍 농작물, 태풍 수확, 태풍 침수, 태풍 경로, 태풍 피해 복구, 태풍 경보",2019-11-01,1.93917
160,태풍,"태풍, 태풍 피해, 태풍 강도, 태풍 피해 농가, 태풍 농작물, 태풍 수확, 태풍 침수, 태풍 경로, 태풍 피해 복구, 태풍 경보",2019-12-01,0.58857
161,태풍,"태풍, 태풍 피해, 태풍 강도, 태풍 피해 농가, 태풍 농작물, 태풍 수확, 태풍 침수, 태풍 경로, 태풍 피해 복구, 태풍 경보",2020-01-01,4.41574
162,태풍,"태풍, 태풍 피해, 태풍 강도, 태풍 피해 농가, 태풍 농작물, 태풍 수확, 태풍 침수, 태풍 경로, 태풍 피해 복구, 태풍 경보",2020-02-01,0.29829
163,태풍,"태풍, 태풍 피해, 태풍 강도, 태풍 피해 농가, 태풍 농작물, 태풍 수확, 태풍 침수, 태풍 경로, 태풍 피해 복구, 태풍 경보",2020-03-01,19.90103
164,태풍,"태풍, 태풍 피해, 태풍 강도, 태풍 피해 농가, 태풍 농작물, 태풍 수확, 태풍 침수, 태풍 경로, 태풍 피해 복구, 태풍 경보",2020-04-01,0.71167
165,태풍,"태풍, 태풍 피해, 태풍 강도, 태풍 피해 농가, 태풍 농작물, 태풍 수확, 태풍 침수, 태풍 경로, 태풍 피해 복구, 태풍 경보",2020-05-01,6.72502
166,태풍,"태풍, 태풍 피해, 태풍 강도, 태풍 피해 농가, 태풍 농작물, 태풍 수확, 태풍 침수, 태풍 경로, 태풍 피해 복구, 태풍 경보",2020-06-01,3.89859
167,태풍,"태풍, 태풍 피해, 태풍 강도, 태풍 피해 농가, 태풍 농작물, 태풍 수확, 태풍 침수, 태풍 경로, 태풍 피해 복구, 태풍 경보",2020-07-01,4.78887
168,태풍,"태풍, 태풍 피해, 태풍 강도, 태풍 피해 농가, 태풍 농작물, 태풍 수확, 태풍 침수, 태풍 경로, 태풍 피해 복구, 태풍 경보",2020-08-01,88.06944
169,태풍,"태풍, 태풍 피해, 태풍 강도, 태풍 피해 농가, 태풍 농작물, 태풍 수확, 태풍 침수, 태풍 경로, 태풍 피해 복구, 태풍 경보",2020-09-01,61.92374
170,태풍,"태풍, 태풍 피해, 태풍 강도, 태풍 피해 농가, 태풍 농작물, 태풍 수확, 태풍 침수, 태풍 경로, 태풍 피해 복구, 태풍 경보",2020-10-01,6.52092
171,태풍,"태풍, 태풍 피해, 태풍 강도, 태풍 피해 농가, 태풍 농작물, 태풍 수확, 태풍 침수, 태풍 경로, 태풍 피해 복구, 태풍 경보",2020-11-01,4.11105
172,태풍,"태풍, 태풍 피해, 태풍 강도, 태풍 피해 농가, 태풍 농작물, 태풍 수확, 태풍 침수, 태풍 경로, 태풍 피해 복구, 태풍 경보",2020-12-01,0.27492
173,태풍,"태풍, 태풍 피해, 태풍 강도, 태풍 피해 농가, 태풍 농작물, 태풍 수확, 태풍 침수, 태풍 경로, 태풍 피해 복구, 태풍 경보",2021-01-01,2.23706
174,태풍,"태풍, 태풍 피해, 태풍 강도, 태풍 피해 농가, 태풍 농작물, 태풍 수확, 태풍 침수, 태풍 경로, 태풍 피해 복구, 태풍 경보",2021-02-01,0.3008
175,태풍,"태풍, 태풍 피해, 태풍 강도, 태풍 피해 농가, 태풍 농작물, 태풍 수확, 태풍 침수, 태풍 경로, 태풍 피해 복구, 태풍 경보",2021-03-01,0.23619
176,태풍,"태풍, 태풍 피해, 태풍 강도, 태풍 피해 농가, 태풍 농작물, 태풍 수확, 태풍 침수, 태풍 경로, 태풍 피해 복구, 태풍 경보",2021-04-01,0.8876
177,태풍,"태풍, 태풍 피해, 태풍 강도, 태풍 피해 농가, 태풍 농작물, 태풍 수확, 태풍 침수, 태풍 경로, 태풍 피해 복구, 태풍 경보",2021-05-01,0.94179
178,태풍,"태풍, 태풍 피해, 태풍 강도, 태풍 피해 농가, 태풍 농작물, 태풍 수확, 태풍 침수, 태풍 경로, 태풍 피해 복구, 태풍 경보",2021-06-01,2.41473
179,태풍,"태풍, 태풍 피해, 태풍 강도, 태풍 피해 농가, 태풍 농작물, 태풍 수확, 태풍 침수, 태풍 경로, 태풍 피해 복구, 태풍 경보",2021-07-01,7.04428
180,태풍,"태풍, 태풍 피해, 태풍 강도, 태풍 피해 농가, 태풍 농작물, 태풍 수확, 태풍 침수, 태풍 경로, 태풍 피해 복구, 태풍 경보",2021-08-01,22.4202
181,태풍,"태풍, 태풍 피해, 태풍 강도, 태풍 피해 농가, 태풍 농작물, 태풍 수확, 태풍 침수, 태풍 경로, 태풍 피해 복구, 태풍 경보",2021-09-01,25.73206
182,태풍,"태풍, 태풍 피해, 태풍 강도, 태풍 피해 농가, 태풍 농작물, 태풍 수확, 태풍 침수, 태풍 경로, 태풍 피해 복구, 태풍 경보",2021-10-01,1.98835
183,태풍,"태풍, 태풍 피해, 태풍 강도, 태풍 피해 농가, 태풍 농작물, 태풍 수확, 태풍 침수, 태풍 경로, 태풍 피해 복구, 태풍 경보",2021-11-01,0.32526
184,태풍,"태풍, 태풍 피해, 태풍 강도, 태풍 피해 농가, 태풍 농작물, 태풍 수확, 태풍 침수, 태풍 경로, 태풍 피해 복구, 태풍 경보",2021-12-01,0.41425
185,태풍,"태풍, 태풍 피해, 태풍 강도, 태풍 피해 농가, 태풍 농작물, 태풍 수확, 태풍 침수, 태풍 경로, 태풍 피해 복구, 태풍 경보",2022-01-01,0.16603
186,태풍,"태풍, 태풍 피해, 태풍 강도, 태풍 피해 농가, 태풍 농작물, 태풍 수확, 태풍 침수, 태풍 경로, 태풍 피해 복구, 태풍 경보",2022-02-01,0.13002
187,태풍,"태풍, 태풍 피해, 태풍 강도, 태풍 피해 농가, 태풍 농작물, 태풍 수확, 태풍 침수, 태풍 경로, 태풍 피해 복구, 태풍 경보",2022-03-01,0.49675
188,태풍,"태풍, 태풍 피해, 태풍 강도, 태풍 피해 농가, 태풍 농작물, 태풍 수확, 태풍 침수, 태풍 경로, 태풍 피해 복구, 태풍 경보",2022-04-01,1.5138
189,태풍,"태풍, 태풍 피해, 태풍 강도, 태풍 피해 농가, 태풍 농작물, 태풍 수확, 태풍 침수, 태풍 경로, 태풍 피해 복구, 태풍 경보",2022-05-01,0.30384
190,태풍,"태풍, 태풍 피해, 태풍 강도, 태풍 피해 농가, 태풍 농작물, 태풍 수확, 태풍 침수, 태풍 경로, 태풍 피해 복구, 태풍 경보",2022-06-01,1.61
191,태풍,"태풍, 태풍 피해, 태풍 강도, 태풍 피해 농가, 태풍 농작물, 태풍 수확, 태풍 침수, 태풍 경로, 태풍 피해 복구, 태풍 경보",2022-07-01,12.61808
192,태풍,"태풍, 태풍 피해, 태풍 강도, 태풍 피해 농가, 태풍 농작물, 태풍 수확, 태풍 침수, 태풍 경로, 태풍 피해 복구, 태풍 경보",2022-08-01,15.60737
193,태풍,"태풍, 태풍 피해, 태풍 강도, 태풍 피해 농가, 태풍 농작물, 태풍 수확, 태풍 침수, 태풍 경로, 태풍 피해 복구, 태풍 경보",2022-09-01,82.08413
194,태풍,"태풍, 태풍 피해, 태풍 강도, 태풍 피해 농가, 태풍 농작물, 태풍 수확, 태풍 침수, 태풍 경로, 태풍 피해 복구, 태풍 경보",2022-10-01,1.54344
195,태풍,"태풍, 태풍 피해, 태풍 강도, 태풍 피해 농가, 태풍 농작물, 태풍 수확, 태풍 침수, 태풍 경로, 태풍 피해 복구, 태풍 경보",2022-11-01,0.29894
196,태풍,"태풍, 태풍 피해, 태풍 강도, 태풍 피해 농가, 태풍 농작물, 태풍 수확, 태풍 침수, 태풍 경로, 태풍 피해 복구, 태풍 경보",2022-12-01,0.14705
197,태풍,"태풍, 태풍 피해, 태풍 강도, 태풍 피해 농가, 태풍 농작물, 태풍 수확, 태풍 침수, 태풍 경로, 태풍 피해 복구, 태풍 경보",2023-01-01,0.11774
198,태풍,"태풍, 태풍 피해, 태풍 강도, 태풍 피해 농가, 태풍 농작물, 태풍 수확, 태풍 침수, 태풍 경로, 태풍 피해 복구, 태풍 경보",2023-02-01,0.09007
199,태풍,"태풍, 태풍 피해, 태풍 강도, 태풍 피해 농가, 태풍 농작물, 태풍 수확, 태풍 침수, 태풍 경로, 태풍 피해 복구, 태풍 경보",2023-03-01,0.12032
200,태풍,"태풍, 태풍 피해, 태풍 강도, 태풍 피해 농가, 태풍 농작물, 태풍 수확, 태풍 침수, 태풍 경로, 태풍 피해 복구, 태풍 경보",2023-04-01,0.44263
201,태풍,"태풍, 태풍 피해, 태풍 강도, 태풍 피해 농가, 태풍 농작물, 태풍 수확, 태풍 침수, 태풍 경로, 태풍 피해 복구, 태풍 경보",2023-05-01,9.6186
202,태풍,"태풍, 태풍 피해, 태풍 강도, 태풍 피해 농가, 태풍 농작물, 태풍 수확, 태풍 침수, 태풍 경로, 태풍 피해 복구, 태풍 경보",2023-06-01,2.94207
203,태풍,"태풍, 태풍 피해, 태풍 강도, 태풍 피해 농가, 태풍 농작물, 태풍 수확, 태풍 침수, 태풍 경로, 태풍 피해 복구, 태풍 경보",2023-07-01,8.09822
204,태풍,"태풍, 태풍 피해, 태풍 강도, 태풍 피해 농가, 태풍 농작물, 태풍 수확, 태풍 침수, 태풍 경로, 태풍 피해 복구, 태풍 경보",2023-08-01,88.17069
205,태풍,"태풍, 태풍 피해, 태풍 강도, 태풍 피해 농가, 태풍 농작물, 태풍 수확, 태풍 침수, 태풍 경로, 태풍 피해 복구, 태풍 경보",2023-09-01,5.49373
206,태풍,"태풍, 태풍 피해, 태풍 강도, 태풍 피해 농가, 태풍 농작물, 태풍 수확, 태풍 침수, 태풍 경로, 태풍 피해 복구, 태풍 경보",2023-10-01,1.34406
207,태풍,"태풍, 태풍 피해, 태풍 강도, 태풍 피해 농가, 태풍 농작물, 태풍 수확, 태풍 침수, 태풍 경로, 태풍 피해 복구, 태풍 경보",2023-11-01,0.46681
208,태풍,"태풍, 태풍 피해, 태풍 강도, 태풍 피해 농가, 태풍 농작물, 태풍 수확, 태풍 침수, 태풍 경로, 태풍 피해 복구, 태풍 경보",2023-12-01,0.13196
209,태풍,"태풍, 태풍 피해, 태풍 강도, 태풍 피해 농가, 태풍 농작물, 태풍 수확, 태풍 침수, 태풍 경로, 태풍 피해 복구, 태풍 경보",2024-01-01,0.08324
210,태풍,"태풍, 태풍 피해, 태풍 강도, 태풍 피해 농가, 태풍 농작물, 태풍 수확, 태풍 침수, 태풍 경로, 태풍 피해 복구, 태풍 경보",2024-02-01,0.08654
211,태풍,"태풍, 태풍 피해, 태풍 강도, 태풍 피해 농가, 태풍 농작물, 태풍 수확, 태풍 침수, 태풍 경로, 태풍 피해 복구, 태풍 경보",2024-03-01,0.12279
212,태풍,"태풍, 태풍 피해, 태풍 강도, 태풍 피해 농가, 태풍 농작물, 태풍 수확, 태풍 침수, 태풍 경로, 태풍 피해 복구, 태풍 경보",2024-04-01,0.1675
213,태풍,"태풍, 태풍 피해, 태풍 강도, 태풍 피해 농가, 태풍 농작물, 태풍 수확, 태풍 침수, 태풍 경로, 태풍 피해 복구, 태풍 경보",2024-05-01,0.88155
214,태풍,"태풍, 태풍 피해, 태풍 강도, 태풍 피해 농가, 태풍 농작물, 태풍 수확, 태풍 침수, 태풍 경로, 태풍 피해 복구, 태풍 경보",2024-06-01,1.25963
215,태풍,"태풍, 태풍 피해, 태풍 강도, 태풍 피해 농가, 태풍 농작물, 태풍 수확, 태풍 침수, 태풍 경로, 태풍 피해 복구, 태풍 경보",2024-07-01,9.18425
216,태풍,"태풍, 태풍 피해, 태풍 강도, 태풍 피해 농가, 태풍 농작물, 태풍 수확, 태풍 침수, 태풍 경로, 태풍 피해 복구, 태풍 경보",2024-08-01,29.43276
217,태풍,"태풍, 태풍 피해, 태풍 강도, 태풍 피해 농가, 태풍 농작물, 태풍 수확, 태풍 침수, 태풍 경로, 태풍 피해 복구, 태풍 경보",2024-09-01,25.2138
218,태풍,"태풍, 태풍 피해, 태풍 강도, 태풍 피해 농가, 태풍 농작물, 태풍 수확, 태풍 침수, 태풍 경로, 태풍 피해 복구, 태풍 경보",2024-10-01,10.64496
219,태풍,"태풍, 태풍 피해, 태풍 강도, 태풍 피해 농가, 태풍 농작물, 태풍 수확, 태풍 침수, 태풍 경로, 태풍 피해 복구, 태풍 경보",2024-11-01,2.20186
220,태풍,"태풍, 태풍 피해, 태풍 강도, 태풍 피해 농가, 태풍 농작물, 태풍 수확, 태풍 침수, 태풍 경로, 태풍 피해 복구, 태풍 경보",2024-12-01,0.11487
221,태풍,"태풍, 태풍 피해, 태풍 강도, 태풍 피해 농가, 태풍 농작물, 태풍 수확, 태풍 침수, 태풍 경로, 태풍 피해 복구, 태풍 경보",2025-01-01,0.07248
222,태풍,"태풍, 태풍 피해, 태풍 강도, 태풍 피해 농가, 태풍 농작물, 태풍 수확, 태풍 침수, 태풍 경로, 태풍 피해 복구, 태풍 경보",2025-02-01,0.06866
223,태풍,"태풍, 태풍 피해, 태풍 강도, 태풍 피해 농가, 태풍 농작물, 태풍 수확, 태풍 침수, 태풍 경로, 태풍 피해 복구, 태풍 경보",2025-03-01,0.15218
224,태풍,"태풍, 태풍 피해, 태풍 강도, 태풍 피해 농가, 태풍 농작물, 태풍 수확, 태풍 침수, 태풍 경로, 태풍 피해 복구, 태풍 경보",2025-04-01,0.32565
225,태풍,"태풍, 태풍 피해, 태풍 강도, 태풍 피해 농가, 태풍 농작물, 태풍 수확, 태풍 침수, 태풍 경로, 태풍 피해 복구, 태풍 경보",2025-05-01,0.19178
226,한파,"한파, 한파 피해, 한파 주의보, 한파 경보, 한파 농작물, 한파 작황, 한파 피해 복구, 겨울 한파, 강추위, 작물 동해",2016-01-01,0.64483
227,한파,"한파, 한파 피해, 한파 주의보, 한파 경보, 한파 농작물, 한파 작황, 한파 피해 복구, 겨울 한파, 강추위, 작물 동해",2016-02-01,0.05447
228,한파,"한파, 한파 피해, 한파 주의보, 한파 경보, 한파 농작물, 한파 작황, 한파 피해 복구, 겨울 한파, 강추위, 작물 동해",2016-03-01,0.01616
229,한파,"한파, 한파 피해, 한파 주의보, 한파 경보, 한파 농작물, 한파 작황, 한파 피해 복구, 겨울 한파, 강추위, 작물 동해",2016-04-01,0.0071
230,한파,"한파, 한파 피해, 한파 주의보, 한파 경보, 한파 농작물, 한파 작황, 한파 피해 복구, 겨울 한파, 강추위, 작물 동해",2016-05-01,0.00889
231,한파,"한파, 한파 피해, 한파 주의보, 한파 경보, 한파 농작물, 한파 작황, 한파 피해 복구, 겨울 한파, 강추위, 작물 동해",2016-06-01,0.00844
232,한파,"한파, 한파 피해, 한파 주의보, 한파 경보, 한파 농작물, 한파 작황, 한파 피해 복구, 겨울 한파, 강추위, 작물 동해",2016-07-01,0.0081
233,한파,"한파, 한파 피해, 한파 주의보, 한파 경보, 한파 농작물, 한파 작황, 한파 피해 복구, 겨울 한파, 강추위, 작물 동해",2016-08-01,0.01079
234,한파,"한파, 한파 피해, 한파 주의보, 한파 경보, 한파 농작물, 한파 작황, 한파 피해 복구, 겨울 한파, 강추위, 작물 동해",2016-09-01,0.00912
235,한파,"한파, 한파 피해, 한파 주의보, 한파 경보, 한파 농작물, 한파 작황, 한파 피해 복구, 겨울 한파, 강추위, 작물 동해",2016-10-01,0.01475
236,한파,"한파, 한파 피해, 한파 주의보, 한파 경보, 한파 농작물, 한파 작황, 한파 피해 복구, 겨울 한파, 강추위, 작물 동해",2016-11-01,0.13043
237,한파,"한파, 한파 피해, 한파 주의보, 한파 경보, 한파 농작물, 한파 작황, 한파 피해 복구, 겨울 한파, 강추위, 작물 동해",2016-12-01,0.11345
238,한파,"한파, 한파 피해, 한파 주의보, 한파 경보, 한파 농작물, 한파 작황, 한파 피해 복구, 겨울 한파, 강추위, 작물 동해",2017-01-01,0.33745
239,한파,"한파, 한파 피해, 한파 주의보, 한파 경보, 한파 농작물, 한파 작황, 한파 피해 복구, 겨울 한파, 강추위, 작물 동해",2017-02-01,0.04161
240,한파,"한파, 한파 피해, 한파 주의보, 한파 경보, 한파 농작물, 한파 작황, 한파 피해 복구, 겨울 한파, 강추위, 작물 동해",2017-03-01,0.00578
241,한파,"한파, 한파 피해, 한파 주의보, 한파 경보, 한파 농작물, 한파 작황, 한파 피해 복구, 겨울 한파, 강추위, 작물 동해",2017-04-01,0.00474
242,한파,"한파, 한파 피해, 한파 주의보, 한파 경보, 한파 농작물, 한파 작황, 한파 피해 복구, 겨울 한파, 강추위, 작물 동해",2017-05-01,0.00579
243,한파,"한파, 한파 피해, 한파 주의보, 한파 경보, 한파 농작물, 한파 작황, 한파 피해 복구, 겨울 한파, 강추위, 작물 동해",2017-06-01,0.00692
244,한파,"한파, 한파 피해, 한파 주의보, 한파 경보, 한파 농작물, 한파 작황, 한파 피해 복구, 겨울 한파, 강추위, 작물 동해",2017-07-01,0.00663
245,한파,"한파, 한파 피해, 한파 주의보, 한파 경보, 한파 농작물, 한파 작황, 한파 피해 복구, 겨울 한파, 강추위, 작물 동해",2017-08-01,0.00556
246,한파,"한파, 한파 피해, 한파 주의보, 한파 경보, 한파 농작물, 한파 작황, 한파 피해 복구, 겨울 한파, 강추위, 작물 동해",2017-09-01,0.00405
247,한파,"한파, 한파 피해, 한파 주의보, 한파 경보, 한파 농작물, 한파 작황, 한파 피해 복구, 겨울 한파, 강추위, 작물 동해",2017-10-01,0.00982
248,한파,"한파, 한파 피해, 한파 주의보, 한파 경보, 한파 농작물, 한파 작황, 한파 피해 복구, 겨울 한파, 강추위, 작물 동해",2017-11-01,0.23894
249,한파,"한파, 한파 피해, 한파 주의보, 한파 경보, 한파 농작물, 한파 작황, 한파 피해 복구, 겨울 한파, 강추위, 작물 동해",2017-12-01,0.67479
250,한파,"한파, 한파 피해, 한파 주의보, 한파 경보, 한파 농작물, 한파 작황, 한파 피해 복구, 겨울 한파, 강추위, 작물 동해",2018-01-01,1.00143
251,한파,"한파, 한파 피해, 한파 주의보, 한파 경보, 한파 농작물, 한파 작황, 한파 피해 복구, 겨울 한파, 강추위, 작물 동해",2018-02-01,0.20956
252,한파,"한파, 한파 피해, 한파 주의보, 한파 경보, 한파 농작물, 한파 작황, 한파 피해 복구, 겨울 한파, 강추위, 작물 동해",2018-03-01,0.01574
253,한파,"한파, 한파 피해, 한파 주의보, 한파 경보, 한파 농작물, 한파 작황, 한파 피해 복구, 겨울 한파, 강추위, 작물 동해",2018-04-01,0.00771
254,한파,"한파, 한파 피해, 한파 주의보, 한파 경보, 한파 농작물, 한파 작황, 한파 피해 복구, 겨울 한파, 강추위, 작물 동해",2018-05-01,0.00708
255,한파,"한파, 한파 피해, 한파 주의보, 한파 경보, 한파 농작물, 한파 작황, 한파 피해 복구, 겨울 한파, 강추위, 작물 동해",2018-06-01,0.00871
256,한파,"한파, 한파 피해, 한파 주의보, 한파 경보, 한파 농작물, 한파 작황, 한파 피해 복구, 겨울 한파, 강추위, 작물 동해",2018-07-01,0.01516
257,한파,"한파, 한파 피해, 한파 주의보, 한파 경보, 한파 농작물, 한파 작황, 한파 피해 복구, 겨울 한파, 강추위, 작물 동해",2018-08-01,0.05378
258,한파,"한파, 한파 피해, 한파 주의보, 한파 경보, 한파 농작물, 한파 작황, 한파 피해 복구, 겨울 한파, 강추위, 작물 동해",2018-09-01,0.05716
259,한파,"한파, 한파 피해, 한파 주의보, 한파 경보, 한파 농작물, 한파 작황, 한파 피해 복구, 겨울 한파, 강추위, 작물 동해",2018-10-01,0.05273
260,한파,"한파, 한파 피해, 한파 주의보, 한파 경보, 한파 농작물, 한파 작황, 한파 피해 복구, 겨울 한파, 강추위, 작물 동해",2018-11-01,0.04347
261,한파,"한파, 한파 피해, 한파 주의보, 한파 경보, 한파 농작물, 한파 작황, 한파 피해 복구, 겨울 한파, 강추위, 작물 동해",2018-12-01,0.32696
262,한파,"한파, 한파 피해, 한파 주의보, 한파 경보, 한파 농작물, 한파 작황, 한파 피해 복구, 겨울 한파, 강추위, 작물 동해",2019-01-01,0.09342
263,한파,"한파, 한파 피해, 한파 주의보, 한파 경보, 한파 농작물, 한파 작황, 한파 피해 복구, 겨울 한파, 강추위, 작물 동해",2019-02-01,0.04968
264,한파,"한파, 한파 피해, 한파 주의보, 한파 경보, 한파 농작물, 한파 작황, 한파 피해 복구, 겨울 한파, 강추위, 작물 동해",2019-03-01,0.03071
265,한파,"한파, 한파 피해, 한파 주의보, 한파 경보, 한파 농작물, 한파 작황, 한파 피해 복구, 겨울 한파, 강추위, 작물 동해",2019-04-01,0.0346
266,한파,"한파, 한파 피해, 한파 주의보, 한파 경보, 한파 농작물, 한파 작황, 한파 피해 복구, 겨울 한파, 강추위, 작물 동해",2019-05-01,0.01775
267,한파,"한파, 한파 피해, 한파 주의보, 한파 경보, 한파 농작물, 한파 작황, 한파 피해 복구, 겨울 한파, 강추위, 작물 동해",2019-06-01,0.00911
268,한파,"한파, 한파 피해, 한파 주의보, 한파 경보, 한파 농작물, 한파 작황, 한파 피해 복구, 겨울 한파, 강추위, 작물 동해",2019-07-01,0.00817
269,한파,"한파, 한파 피해, 한파 주의보, 한파 경보, 한파 농작물, 한파 작황, 한파 피해 복구, 겨울 한파, 강추위, 작물 동해",2019-08-01,0.00717
270,한파,"한파, 한파 피해, 한파 주의보, 한파 경보, 한파 농작물, 한파 작황, 한파 피해 복구, 겨울 한파, 강추위, 작물 동해",2019-09-01,0.00634
271,한파,"한파, 한파 피해, 한파 주의보, 한파 경보, 한파 농작물, 한파 작황, 한파 피해 복구, 겨울 한파, 강추위, 작물 동해",2019-10-01,0.11753
272,한파,"한파, 한파 피해, 한파 주의보, 한파 경보, 한파 농작물, 한파 작황, 한파 피해 복구, 겨울 한파, 강추위, 작물 동해",2019-11-01,0.154
273,한파,"한파, 한파 피해, 한파 주의보, 한파 경보, 한파 농작물, 한파 작황, 한파 피해 복구, 겨울 한파, 강추위, 작물 동해",2019-12-01,0.15039
274,한파,"한파, 한파 피해, 한파 주의보, 한파 경보, 한파 농작물, 한파 작황, 한파 피해 복구, 겨울 한파, 강추위, 작물 동해",2020-01-01,0.05797
275,한파,"한파, 한파 피해, 한파 주의보, 한파 경보, 한파 농작물, 한파 작황, 한파 피해 복구, 겨울 한파, 강추위, 작물 동해",2020-02-01,0.08811
276,한파,"한파, 한파 피해, 한파 주의보, 한파 경보, 한파 농작물, 한파 작황, 한파 피해 복구, 겨울 한파, 강추위, 작물 동해",2020-03-01,0.01169
277,한파,"한파, 한파 피해, 한파 주의보, 한파 경보, 한파 농작물, 한파 작황, 한파 피해 복구, 겨울 한파, 강추위, 작물 동해",2020-04-01,0.01076
278,한파,"한파, 한파 피해, 한파 주의보, 한파 경보, 한파 농작물, 한파 작황, 한파 피해 복구, 겨울 한파, 강추위, 작물 동해",2020-05-01,0.01793
279,한파,"한파, 한파 피해, 한파 주의보, 한파 경보, 한파 농작물, 한파 작황, 한파 피해 복구, 겨울 한파, 강추위, 작물 동해",2020-06-01,0.01133
280,한파,"한파, 한파 피해, 한파 주의보, 한파 경보, 한파 농작물, 한파 작황, 한파 피해 복구, 겨울 한파, 강추위, 작물 동해",2020-07-01,0.00924
281,한파,"한파, 한파 피해, 한파 주의보, 한파 경보, 한파 농작물, 한파 작황, 한파 피해 복구, 겨울 한파, 강추위, 작물 동해",2020-08-01,0.00763
282,한파,"한파, 한파 피해, 한파 주의보, 한파 경보, 한파 농작물, 한파 작황, 한파 피해 복구, 겨울 한파, 강추위, 작물 동해",2020-09-01,0.01212
283,한파,"한파, 한파 피해, 한파 주의보, 한파 경보, 한파 농작물, 한파 작황, 한파 피해 복구, 겨울 한파, 강추위, 작물 동해",2020-10-01,0.06643
284,한파,"한파, 한파 피해, 한파 주의보, 한파 경보, 한파 농작물, 한파 작황, 한파 피해 복구, 겨울 한파, 강추위, 작물 동해",2020-11-01,0.05604
285,한파,"한파, 한파 피해, 한파 주의보, 한파 경보, 한파 농작물, 한파 작황, 한파 피해 복구, 겨울 한파, 강추위, 작물 동해",2020-12-01,0.28852
286,한파,"한파, 한파 피해, 한파 주의보, 한파 경보, 한파 농작물, 한파 작황, 한파 피해 복구, 겨울 한파, 강추위, 작물 동해",2021-01-01,1.1731
287,한파,"한파, 한파 피해, 한파 주의보, 한파 경보, 한파 농작물, 한파 작황, 한파 피해 복구, 겨울 한파, 강추위, 작물 동해",2021-02-01,1.05108
288,한파,"한파, 한파 피해, 한파 주의보, 한파 경보, 한파 농작물, 한파 작황, 한파 피해 복구, 겨울 한파, 강추위, 작물 동해",2021-03-01,0.01368
289,한파,"한파, 한파 피해, 한파 주의보, 한파 경보, 한파 농작물, 한파 작황, 한파 피해 복구, 겨울 한파, 강추위, 작물 동해",2021-04-01,0.23716
290,한파,"한파, 한파 피해, 한파 주의보, 한파 경보, 한파 농작물, 한파 작황, 한파 피해 복구, 겨울 한파, 강추위, 작물 동해",2021-05-01,0.01219
291,한파,"한파, 한파 피해, 한파 주의보, 한파 경보, 한파 농작물, 한파 작황, 한파 피해 복구, 겨울 한파, 강추위, 작물 동해",2021-06-01,0.01094
292,한파,"한파, 한파 피해, 한파 주의보, 한파 경보, 한파 농작물, 한파 작황, 한파 피해 복구, 겨울 한파, 강추위, 작물 동해",2021-07-01,0.01094
293,한파,"한파, 한파 피해, 한파 주의보, 한파 경보, 한파 농작물, 한파 작황, 한파 피해 복구, 겨울 한파, 강추위, 작물 동해",2021-08-01,0.00682
294,한파,"한파, 한파 피해, 한파 주의보, 한파 경보, 한파 농작물, 한파 작황, 한파 피해 복구, 겨울 한파, 강추위, 작물 동해",2021-09-01,0.00737
295,한파,"한파, 한파 피해, 한파 주의보, 한파 경보, 한파 농작물, 한파 작황, 한파 피해 복구, 겨울 한파, 강추위, 작물 동해",2021-10-01,0.40168
296,한파,"한파, 한파 피해, 한파 주의보, 한파 경보, 한파 농작물, 한파 작황, 한파 피해 복구, 겨울 한파, 강추위, 작물 동해",2021-11-01,0.08097
297,한파,"한파, 한파 피해, 한파 주의보, 한파 경보, 한파 농작물, 한파 작황, 한파 피해 복구, 겨울 한파, 강추위, 작물 동해",2021-12-01,0.34786
298,한파,"한파, 한파 피해, 한파 주의보, 한파 경보, 한파 농작물, 한파 작황, 한파 피해 복구, 겨울 한파, 강추위, 작물 동해",2022-01-01,0.14497
299,한파,"한파, 한파 피해, 한파 주의보, 한파 경보, 한파 농작물, 한파 작황, 한파 피해 복구, 겨울 한파, 강추위, 작물 동해",2022-02-01,0.12159
300,한파,"한파, 한파 피해, 한파 주의보, 한파 경보, 한파 농작물, 한파 작황, 한파 피해 복구, 겨울 한파, 강추위, 작물 동해",2022-03-01,0.00964
301,한파,"한파, 한파 피해, 한파 주의보, 한파 경보, 한파 농작물, 한파 작황, 한파 피해 복구, 겨울 한파, 강추위, 작물 동해",2022-04-01,0.0399
302,한파,"한파, 한파 피해, 한파 주의보, 한파 경보, 한파 농작물, 한파 작황, 한파 피해 복구, 겨울 한파, 강추위, 작물 동해",2022-05-01,0.01429
303,한파,"한파, 한파 피해, 한파 주의보, 한파 경보, 한파 농작물, 한파 작황, 한파 피해 복구, 겨울 한파, 강추위, 작물 동해",2022-06-01,0.01163
304,한파,"한파, 한파 피해, 한파 주의보, 한파 경보, 한파 농작물, 한파 작황, 한파 피해 복구, 겨울 한파, 강추위, 작물 동해",2022-07-01,0.00896
305,한파,"한파, 한파 피해, 한파 주의보, 한파 경보, 한파 농작물, 한파 작황, 한파 피해 복구, 겨울 한파, 강추위, 작물 동해",2022-08-01,0.00812
306,한파,"한파, 한파 피해, 한파 주의보, 한파 경보, 한파 농작물, 한파 작황, 한파 피해 복구, 겨울 한파, 강추위, 작물 동해",2022-09-01,0.0107
307,한파,"한파, 한파 피해, 한파 주의보, 한파 경보, 한파 농작물, 한파 작황, 한파 피해 복구, 겨울 한파, 강추위, 작물 동해",2022-10-01,0.10379
308,한파,"한파, 한파 피해, 한파 주의보, 한파 경보, 한파 농작물, 한파 작황, 한파 피해 복구, 겨울 한파, 강추위, 작물 동해",2022-11-01,0.34745
309,한파,"한파, 한파 피해, 한파 주의보, 한파 경보, 한파 농작물, 한파 작황, 한파 피해 복구, 겨울 한파, 강추위, 작물 동해",2022-12-01,0.4788
310,한파,"한파, 한파 피해, 한파 주의보, 한파 경보, 한파 농작물, 한파 작황, 한파 피해 복구, 겨울 한파, 강추위, 작물 동해",2023-01-01,0.45084
311,한파,"한파, 한파 피해, 한파 주의보, 한파 경보, 한파 농작물, 한파 작황, 한파 피해 복구, 겨울 한파, 강추위, 작물 동해",2023-02-01,0.03691
312,한파,"한파, 한파 피해, 한파 주의보, 한파 경보, 한파 농작물, 한파 작황, 한파 피해 복구, 겨울 한파, 강추위, 작물 동해",2023-03-01,0.10016
313,한파,"한파, 한파 피해, 한파 주의보, 한파 경보, 한파 농작물, 한파 작황, 한파 피해 복구, 겨울 한파, 강추위, 작물 동해",2023-04-01,0.06101
314,한파,"한파, 한파 피해, 한파 주의보, 한파 경보, 한파 농작물, 한파 작황, 한파 피해 복구, 겨울 한파, 강추위, 작물 동해",2023-05-01,0.01262
315,한파,"한파, 한파 피해, 한파 주의보, 한파 경보, 한파 농작물, 한파 작황, 한파 피해 복구, 겨울 한파, 강추위, 작물 동해",2023-06-01,0.0098
316,한파,"한파, 한파 피해, 한파 주의보, 한파 경보, 한파 농작물, 한파 작황, 한파 피해 복구, 겨울 한파, 강추위, 작물 동해",2023-07-01,0.00966
317,한파,"한파, 한파 피해, 한파 주의보, 한파 경보, 한파 농작물, 한파 작황, 한파 피해 복구, 겨울 한파, 강추위, 작물 동해",2023-08-01,0.01179
318,한파,"한파, 한파 피해, 한파 주의보, 한파 경보, 한파 농작물, 한파 작황, 한파 피해 복구, 겨울 한파, 강추위, 작물 동해",2023-09-01,0.01386
319,한파,"한파, 한파 피해, 한파 주의보, 한파 경보, 한파 농작물, 한파 작황, 한파 피해 복구, 겨울 한파, 강추위, 작물 동해",2023-10-01,0.02261
320,한파,"한파, 한파 피해, 한파 주의보, 한파 경보, 한파 농작물, 한파 작황, 한파 피해 복구, 겨울 한파, 강추위, 작물 동해",2023-11-01,0.21554
321,한파,"한파, 한파 피해, 한파 주의보, 한파 경보, 한파 농작물, 한파 작황, 한파 피해 복구, 겨울 한파, 강추위, 작물 동해",2023-12-01,0.39339
322,한파,"한파, 한파 피해, 한파 주의보, 한파 경보, 한파 농작물, 한파 작황, 한파 피해 복구, 겨울 한파, 강추위, 작물 동해",2024-01-01,0.25569
323,한파,"한파, 한파 피해, 한파 주의보, 한파 경보, 한파 농작물, 한파 작황, 한파 피해 복구, 겨울 한파, 강추위, 작물 동해",2024-02-01,0.02238
324,한파,"한파, 한파 피해, 한파 주의보, 한파 경보, 한파 농작물, 한파 작황, 한파 피해 복구, 겨울 한파, 강추위, 작물 동해",2024-03-01,0.06674
325,한파,"한파, 한파 피해, 한파 주의보, 한파 경보, 한파 농작물, 한파 작황, 한파 피해 복구, 겨울 한파, 강추위, 작물 동해",2024-04-01,0.01997
326,한파,"한파, 한파 피해, 한파 주의보, 한파 경보, 한파 농작물, 한파 작황, 한파 피해 복구, 겨울 한파, 강추위, 작물 동해",2024-05-01,0.01014
327,한파,"한파, 한파 피해, 한파 주의보, 한파 경보, 한파 농작물, 한파 작황, 한파 피해 복구, 겨울 한파, 강추위, 작물 동해",2024-06-01,0.00854
328,한파,"한파, 한파 피해, 한파 주의보, 한파 경보, 한파 농작물, 한파 작황, 한파 피해 복구, 겨울 한파, 강추위, 작물 동해",2024-07-01,0.00902
329,한파,"한파, 한파 피해, 한파 주의보, 한파 경보, 한파 농작물, 한파 작황, 한파 피해 복구, 겨울 한파, 강추위, 작물 동해",2024-08-01,0.01346
330,한파,"한파, 한파 피해, 한파 주의보, 한파 경보, 한파 농작물, 한파 작황, 한파 피해 복구, 겨울 한파, 강추위, 작물 동해",2024-09-01,0.05555
331,한파,"한파, 한파 피해, 한파 주의보, 한파 경보, 한파 농작물, 한파 작황, 한파 피해 복구, 겨울 한파, 강추위, 작물 동해",2024-10-01,0.06395
332,한파,"한파, 한파 피해, 한파 주의보, 한파 경보, 한파 농작물, 한파 작황, 한파 피해 복구, 겨울 한파, 강추위, 작물 동해",2024-11-01,0.1341
333,한파,"한파, 한파 피해, 한파 주의보, 한파 경보, 한파 농작물, 한파 작황, 한파 피해 복구, 겨울 한파, 강추위, 작물 동해",2024-12-01,0.1432
334,한파,"한파, 한파 피해, 한파 주의보, 한파 경보, 한파 농작물, 한파 작황, 한파 피해 복구, 겨울 한파, 강추위, 작물 동해",2025-01-01,0.34062
335,한파,"한파, 한파 피해, 한파 주의보, 한파 경보, 한파 농작물, 한파 작황, 한파 피해 복구, 겨울 한파, 강추위, 작물 동해",2025-02-01,0.31302
336,한파,"한파, 한파 피해, 한파 주의보, 한파 경보, 한파 농작물, 한파 작황, 한파 피해 복구, 겨울 한파, 강추위, 작물 동해",2025-03-01,0.01772
337,한파,"한파, 한파 피해, 한파 주의보, 한파 경보, 한파 농작물, 한파 작황, 한파 피해 복구, 겨울 한파, 강추위, 작물 동해",2025-04-01,0.0162
338,한파,"한파, 한파 피해, 한파 주의보, 한파 경보, 한파 농작물, 한파 작황, 한파 피해 복구, 겨울 한파, 강추위, 작물 동해",2025-05-01,0.00609
339,폭염,"폭염, 폭염 피해, 폭염 경보, 폭염 주의보, 폭염 작황, 폭염 농작물, 폭염 스트레스, 고온 피해, 농작물 고온, 폭염 재해",2016-01-01,0.00736
340,폭염,"폭염, 폭염 피해, 폭염 경보, 폭염 주의보, 폭염 작황, 폭염 농작물, 폭염 스트레스, 고온 피해, 농작물 고온, 폭염 재해",2016-02-01,0.00482
341,폭염,"폭염, 폭염 피해, 폭염 경보, 폭염 주의보, 폭염 작황, 폭염 농작물, 폭염 스트레스, 고온 피해, 농작물 고온, 폭염 재해",2016-03-01,0.00554
342,폭염,"폭염, 폭염 피해, 폭염 경보, 폭염 주의보, 폭염 작황, 폭염 농작물, 폭염 스트레스, 고온 피해, 농작물 고온, 폭염 재해",2016-04-01,0.0071
343,폭염,"폭염, 폭염 피해, 폭염 경보, 폭염 주의보, 폭염 작황, 폭염 농작물, 폭염 스트레스, 고온 피해, 농작물 고온, 폭염 재해",2016-05-01,0.93359
344,폭염,"폭염, 폭염 피해, 폭염 경보, 폭염 주의보, 폭염 작황, 폭염 농작물, 폭염 스트레스, 고온 피해, 농작물 고온, 폭염 재해",2016-06-01,0.22815
345,폭염,"폭염, 폭염 피해, 폭염 경보, 폭염 주의보, 폭염 작황, 폭염 농작물, 폭염 스트레스, 고온 피해, 농작물 고온, 폭염 재해",2016-07-01,1.38807
346,폭염,"폭염, 폭염 피해, 폭염 경보, 폭염 주의보, 폭염 작황, 폭염 농작물, 폭염 스트레스, 고온 피해, 농작물 고온, 폭염 재해",2016-08-01,0.83088
347,폭염,"폭염, 폭염 피해, 폭염 경보, 폭염 주의보, 폭염 작황, 폭염 농작물, 폭염 스트레스, 고온 피해, 농작물 고온, 폭염 재해",2016-09-01,0.03293
348,폭염,"폭염, 폭염 피해, 폭염 경보, 폭염 주의보, 폭염 작황, 폭염 농작물, 폭염 스트레스, 고온 피해, 농작물 고온, 폭염 재해",2016-10-01,0.01481
349,폭염,"폭염, 폭염 피해, 폭염 경보, 폭염 주의보, 폭염 작황, 폭염 농작물, 폭염 스트레스, 고온 피해, 농작물 고온, 폭염 재해",2016-11-01,0.01097
350,폭염,"폭염, 폭염 피해, 폭염 경보, 폭염 주의보, 폭염 작황, 폭염 농작물, 폭염 스트레스, 고온 피해, 농작물 고온, 폭염 재해",2016-12-01,0.00825
351,폭염,"폭염, 폭염 피해, 폭염 경보, 폭염 주의보, 폭염 작황, 폭염 농작물, 폭염 스트레스, 고온 피해, 농작물 고온, 폭염 재해",2017-01-01,0.00649
352,폭염,"폭염, 폭염 피해, 폭염 경보, 폭염 주의보, 폭염 작황, 폭염 농작물, 폭염 스트레스, 고온 피해, 농작물 고온, 폭염 재해",2017-02-01,0.00582
353,폭염,"폭염, 폭염 피해, 폭염 경보, 폭염 주의보, 폭염 작황, 폭염 농작물, 폭염 스트레스, 고온 피해, 농작물 고온, 폭염 재해",2017-03-01,0.00627
354,폭염,"폭염, 폭염 피해, 폭염 경보, 폭염 주의보, 폭염 작황, 폭염 농작물, 폭염 스트레스, 고온 피해, 농작물 고온, 폭염 재해",2017-04-01,0.00884
355,폭염,"폭염, 폭염 피해, 폭염 경보, 폭염 주의보, 폭염 작황, 폭염 농작물, 폭염 스트레스, 고온 피해, 농작물 고온, 폭염 재해",2017-05-01,0.69588
356,폭염,"폭염, 폭염 피해, 폭염 경보, 폭염 주의보, 폭염 작황, 폭염 농작물, 폭염 스트레스, 고온 피해, 농작물 고온, 폭염 재해",2017-06-01,0.47955
357,폭염,"폭염, 폭염 피해, 폭염 경보, 폭염 주의보, 폭염 작황, 폭염 농작물, 폭염 스트레스, 고온 피해, 농작물 고온, 폭염 재해",2017-07-01,0.66346
358,폭염,"폭염, 폭염 피해, 폭염 경보, 폭염 주의보, 폭염 작황, 폭염 농작물, 폭염 스트레스, 고온 피해, 농작물 고온, 폭염 재해",2017-08-01,0.38211
359,폭염,"폭염, 폭염 피해, 폭염 경보, 폭염 주의보, 폭염 작황, 폭염 농작물, 폭염 스트레스, 고온 피해, 농작물 고온, 폭염 재해",2017-09-01,0.01282
360,폭염,"폭염, 폭염 피해, 폭염 경보, 폭염 주의보, 폭염 작황, 폭염 농작물, 폭염 스트레스, 고온 피해, 농작물 고온, 폭염 재해",2017-10-01,0.00739
361,폭염,"폭염, 폭염 피해, 폭염 경보, 폭염 주의보, 폭염 작황, 폭염 농작물, 폭염 스트레스, 고온 피해, 농작물 고온, 폭염 재해",2017-11-01,0.00684
362,폭염,"폭염, 폭염 피해, 폭염 경보, 폭염 주의보, 폭염 작황, 폭염 농작물, 폭염 스트레스, 고온 피해, 농작물 고온, 폭염 재해",2017-12-01,0.00619
363,폭염,"폭염, 폭염 피해, 폭염 경보, 폭염 주의보, 폭염 작황, 폭염 농작물, 폭염 스트레스, 고온 피해, 농작물 고온, 폭염 재해",2018-01-01,0.00893
364,폭염,"폭염, 폭염 피해, 폭염 경보, 폭염 주의보, 폭염 작황, 폭염 농작물, 폭염 스트레스, 고온 피해, 농작물 고온, 폭염 재해",2018-02-01,0.00556
365,폭염,"폭염, 폭염 피해, 폭염 경보, 폭염 주의보, 폭염 작황, 폭염 농작물, 폭염 스트레스, 고온 피해, 농작물 고온, 폭염 재해",2018-03-01,0.00834
366,폭염,"폭염, 폭염 피해, 폭염 경보, 폭염 주의보, 폭염 작황, 폭염 농작물, 폭염 스트레스, 고온 피해, 농작물 고온, 폭염 재해",2018-04-01,0.01294
367,폭염,"폭염, 폭염 피해, 폭염 경보, 폭염 주의보, 폭염 작황, 폭염 농작물, 폭염 스트레스, 고온 피해, 농작물 고온, 폭염 재해",2018-05-01,0.02291
368,폭염,"폭염, 폭염 피해, 폭염 경보, 폭염 주의보, 폭염 작황, 폭염 농작물, 폭염 스트레스, 고온 피해, 농작물 고온, 폭염 재해",2018-06-01,0.30915
369,폭염,"폭염, 폭염 피해, 폭염 경보, 폭염 주의보, 폭염 작황, 폭염 농작물, 폭염 스트레스, 고온 피해, 농작물 고온, 폭염 재해",2018-07-01,1.73491
370,폭염,"폭염, 폭염 피해, 폭염 경보, 폭염 주의보, 폭염 작황, 폭염 농작물, 폭염 스트레스, 고온 피해, 농작물 고온, 폭염 재해",2018-08-01,1.05676
371,폭염,"폭염, 폭염 피해, 폭염 경보, 폭염 주의보, 폭염 작황, 폭염 농작물, 폭염 스트레스, 고온 피해, 농작물 고온, 폭염 재해",2018-09-01,0.05112
372,폭염,"폭염, 폭염 피해, 폭염 경보, 폭염 주의보, 폭염 작황, 폭염 농작물, 폭염 스트레스, 고온 피해, 농작물 고온, 폭염 재해",2018-10-01,0.02363
373,폭염,"폭염, 폭염 피해, 폭염 경보, 폭염 주의보, 폭염 작황, 폭염 농작물, 폭염 스트레스, 고온 피해, 농작물 고온, 폭염 재해",2018-11-01,0.01913
374,폭염,"폭염, 폭염 피해, 폭염 경보, 폭염 주의보, 폭염 작황, 폭염 농작물, 폭염 스트레스, 고온 피해, 농작물 고온, 폭염 재해",2018-12-01,0.015
375,폭염,"폭염, 폭염 피해, 폭염 경보, 폭염 주의보, 폭염 작황, 폭염 농작물, 폭염 스트레스, 고온 피해, 농작물 고온, 폭염 재해",2019-01-01,0.00947
376,폭염,"폭염, 폭염 피해, 폭염 경보, 폭염 주의보, 폭염 작황, 폭염 농작물, 폭염 스트레스, 고온 피해, 농작물 고온, 폭염 재해",2019-02-01,0.00748
377,폭염,"폭염, 폭염 피해, 폭염 경보, 폭염 주의보, 폭염 작황, 폭염 농작물, 폭염 스트레스, 고온 피해, 농작물 고온, 폭염 재해",2019-03-01,0.01392
378,폭염,"폭염, 폭염 피해, 폭염 경보, 폭염 주의보, 폭염 작황, 폭염 농작물, 폭염 스트레스, 고온 피해, 농작물 고온, 폭염 재해",2019-04-01,0.08443
379,폭염,"폭염, 폭염 피해, 폭염 경보, 폭염 주의보, 폭염 작황, 폭염 농작물, 폭염 스트레스, 고온 피해, 농작물 고온, 폭염 재해",2019-05-01,0.21512
380,폭염,"폭염, 폭염 피해, 폭염 경보, 폭염 주의보, 폭염 작황, 폭염 농작물, 폭염 스트레스, 고온 피해, 농작물 고온, 폭염 재해",2019-06-01,0.15033
381,폭염,"폭염, 폭염 피해, 폭염 경보, 폭염 주의보, 폭염 작황, 폭염 농작물, 폭염 스트레스, 고온 피해, 농작물 고온, 폭염 재해",2019-07-01,0.49107
382,폭염,"폭염, 폭염 피해, 폭염 경보, 폭염 주의보, 폭염 작황, 폭염 농작물, 폭염 스트레스, 고온 피해, 농작물 고온, 폭염 재해",2019-08-01,0.51889
383,폭염,"폭염, 폭염 피해, 폭염 경보, 폭염 주의보, 폭염 작황, 폭염 농작물, 폭염 스트레스, 고온 피해, 농작물 고온, 폭염 재해",2019-09-01,0.02561
384,폭염,"폭염, 폭염 피해, 폭염 경보, 폭염 주의보, 폭염 작황, 폭염 농작물, 폭염 스트레스, 고온 피해, 농작물 고온, 폭염 재해",2019-10-01,0.01201
385,폭염,"폭염, 폭염 피해, 폭염 경보, 폭염 주의보, 폭염 작황, 폭염 농작물, 폭염 스트레스, 고온 피해, 농작물 고온, 폭염 재해",2019-11-01,0.01445
386,폭염,"폭염, 폭염 피해, 폭염 경보, 폭염 주의보, 폭염 작황, 폭염 농작물, 폭염 스트레스, 고온 피해, 농작물 고온, 폭염 재해",2019-12-01,0.00873
387,폭염,"폭염, 폭염 피해, 폭염 경보, 폭염 주의보, 폭염 작황, 폭염 농작물, 폭염 스트레스, 고온 피해, 농작물 고온, 폭염 재해",2020-01-01,0.00658
388,폭염,"폭염, 폭염 피해, 폭염 경보, 폭염 주의보, 폭염 작황, 폭염 농작물, 폭염 스트레스, 고온 피해, 농작물 고온, 폭염 재해",2020-02-01,0.00711
389,폭염,"폭염, 폭염 피해, 폭염 경보, 폭염 주의보, 폭염 작황, 폭염 농작물, 폭염 스트레스, 고온 피해, 농작물 고온, 폭염 재해",2020-03-01,0.01088
390,폭염,"폭염, 폭염 피해, 폭염 경보, 폭염 주의보, 폭염 작황, 폭염 농작물, 폭염 스트레스, 고온 피해, 농작물 고온, 폭염 재해",2020-04-01,0.01952
391,폭염,"폭염, 폭염 피해, 폭염 경보, 폭염 주의보, 폭염 작황, 폭염 농작물, 폭염 스트레스, 고온 피해, 농작물 고온, 폭염 재해",2020-05-01,0.08103
392,폭염,"폭염, 폭염 피해, 폭염 경보, 폭염 주의보, 폭염 작황, 폭염 농작물, 폭염 스트레스, 고온 피해, 농작물 고온, 폭염 재해",2020-06-01,0.57056
393,폭염,"폭염, 폭염 피해, 폭염 경보, 폭염 주의보, 폭염 작황, 폭염 농작물, 폭염 스트레스, 고온 피해, 농작물 고온, 폭염 재해",2020-07-01,0.12265
394,폭염,"폭염, 폭염 피해, 폭염 경보, 폭염 주의보, 폭염 작황, 폭염 농작물, 폭염 스트레스, 고온 피해, 농작물 고온, 폭염 재해",2020-08-01,1.06387
395,폭염,"폭염, 폭염 피해, 폭염 경보, 폭염 주의보, 폭염 작황, 폭염 농작물, 폭염 스트레스, 고온 피해, 농작물 고온, 폭염 재해",2020-09-01,0.03483
396,폭염,"폭염, 폭염 피해, 폭염 경보, 폭염 주의보, 폭염 작황, 폭염 농작물, 폭염 스트레스, 고온 피해, 농작물 고온, 폭염 재해",2020-10-01,0.01128
397,폭염,"폭염, 폭염 피해, 폭염 경보, 폭염 주의보, 폭염 작황, 폭염 농작물, 폭염 스트레스, 고온 피해, 농작물 고온, 폭염 재해",2020-11-01,0.01215
398,폭염,"폭염, 폭염 피해, 폭염 경보, 폭염 주의보, 폭염 작황, 폭염 농작물, 폭염 스트레스, 고온 피해, 농작물 고온, 폭염 재해",2020-12-01,0.01013
399,폭염,"폭염, 폭염 피해, 폭염 경보, 폭염 주의보, 폭염 작황, 폭염 농작물, 폭염 스트레스, 고온 피해, 농작물 고온, 폭염 재해",2021-01-01,0.00771
400,폭염,"폭염, 폭염 피해, 폭염 경보, 폭염 주의보, 폭염 작황, 폭염 농작물, 폭염 스트레스, 고온 피해, 농작물 고온, 폭염 재해",2021-02-01,0.00574
401,폭염,"폭염, 폭염 피해, 폭염 경보, 폭염 주의보, 폭염 작황, 폭염 농작물, 폭염 스트레스, 고온 피해, 농작물 고온, 폭염 재해",2021-03-01,0.01181
402,폭염,"폭염, 폭염 피해, 폭염 경보, 폭염 주의보, 폭염 작황, 폭염 농작물, 폭염 스트레스, 고온 피해, 농작물 고온, 폭염 재해",2021-04-01,0.06837
403,폭염,"폭염, 폭염 피해, 폭염 경보, 폭염 주의보, 폭염 작황, 폭염 농작물, 폭염 스트레스, 고온 피해, 농작물 고온, 폭염 재해",2021-05-01,0.0392
404,폭염,"폭염, 폭염 피해, 폭염 경보, 폭염 주의보, 폭염 작황, 폭염 농작물, 폭염 스트레스, 고온 피해, 농작물 고온, 폭염 재해",2021-06-01,0.06985
405,폭염,"폭염, 폭염 피해, 폭염 경보, 폭염 주의보, 폭염 작황, 폭염 농작물, 폭염 스트레스, 고온 피해, 농작물 고온, 폭염 재해",2021-07-01,1.14825
406,폭염,"폭염, 폭염 피해, 폭염 경보, 폭염 주의보, 폭염 작황, 폭염 농작물, 폭염 스트레스, 고온 피해, 농작물 고온, 폭염 재해",2021-08-01,0.23061
407,폭염,"폭염, 폭염 피해, 폭염 경보, 폭염 주의보, 폭염 작황, 폭염 농작물, 폭염 스트레스, 고온 피해, 농작물 고온, 폭염 재해",2021-09-01,0.01855
408,폭염,"폭염, 폭염 피해, 폭염 경보, 폭염 주의보, 폭염 작황, 폭염 농작물, 폭염 스트레스, 고온 피해, 농작물 고온, 폭염 재해",2021-10-01,0.01452
409,폭염,"폭염, 폭염 피해, 폭염 경보, 폭염 주의보, 폭염 작황, 폭염 농작물, 폭염 스트레스, 고온 피해, 농작물 고온, 폭염 재해",2021-11-01,0.01369
410,폭염,"폭염, 폭염 피해, 폭염 경보, 폭염 주의보, 폭염 작황, 폭염 농작물, 폭염 스트레스, 고온 피해, 농작물 고온, 폭염 재해",2021-12-01,0.01137
411,폭염,"폭염, 폭염 피해, 폭염 경보, 폭염 주의보, 폭염 작황, 폭염 농작물, 폭염 스트레스, 고온 피해, 농작물 고온, 폭염 재해",2022-01-01,0.00622
412,폭염,"폭염, 폭염 피해, 폭염 경보, 폭염 주의보, 폭염 작황, 폭염 농작물, 폭염 스트레스, 고온 피해, 농작물 고온, 폭염 재해",2022-02-01,0.00568
413,폭염,"폭염, 폭염 피해, 폭염 경보, 폭염 주의보, 폭염 작황, 폭염 농작물, 폭염 스트레스, 고온 피해, 농작물 고온, 폭염 재해",2022-03-01,0.01037
414,폭염,"폭염, 폭염 피해, 폭염 경보, 폭염 주의보, 폭염 작황, 폭염 농작물, 폭염 스트레스, 고온 피해, 농작물 고온, 폭염 재해",2022-04-01,0.07997
415,폭염,"폭염, 폭염 피해, 폭염 경보, 폭염 주의보, 폭염 작황, 폭염 농작물, 폭염 스트레스, 고온 피해, 농작물 고온, 폭염 재해",2022-05-01,0.0724
416,폭염,"폭염, 폭염 피해, 폭염 경보, 폭염 주의보, 폭염 작황, 폭염 농작물, 폭염 스트레스, 고온 피해, 농작물 고온, 폭염 재해",2022-06-01,0.18476
417,폭염,"폭염, 폭염 피해, 폭염 경보, 폭염 주의보, 폭염 작황, 폭염 농작물, 폭염 스트레스, 고온 피해, 농작물 고온, 폭염 재해",2022-07-01,0.78122
418,폭염,"폭염, 폭염 피해, 폭염 경보, 폭염 주의보, 폭염 작황, 폭염 농작물, 폭염 스트레스, 고온 피해, 농작물 고온, 폭염 재해",2022-08-01,0.3165
419,폭염,"폭염, 폭염 피해, 폭염 경보, 폭염 주의보, 폭염 작황, 폭염 농작물, 폭염 스트레스, 고온 피해, 농작물 고온, 폭염 재해",2022-09-01,0.08333
420,폭염,"폭염, 폭염 피해, 폭염 경보, 폭염 주의보, 폭염 작황, 폭염 농작물, 폭염 스트레스, 고온 피해, 농작물 고온, 폭염 재해",2022-10-01,0.0138
421,폭염,"폭염, 폭염 피해, 폭염 경보, 폭염 주의보, 폭염 작황, 폭염 농작물, 폭염 스트레스, 고온 피해, 농작물 고온, 폭염 재해",2022-11-01,0.01451
422,폭염,"폭염, 폭염 피해, 폭염 경보, 폭염 주의보, 폭염 작황, 폭염 농작물, 폭염 스트레스, 고온 피해, 농작물 고온, 폭염 재해",2022-12-01,0.01205
423,폭염,"폭염, 폭염 피해, 폭염 경보, 폭염 주의보, 폭염 작황, 폭염 농작물, 폭염 스트레스, 고온 피해, 농작물 고온, 폭염 재해",2023-01-01,0.00735
424,폭염,"폭염, 폭염 피해, 폭염 경보, 폭염 주의보, 폭염 작황, 폭염 농작물, 폭염 스트레스, 고온 피해, 농작물 고온, 폭염 재해",2023-02-01,0.00752
425,폭염,"폭염, 폭염 피해, 폭염 경보, 폭염 주의보, 폭염 작황, 폭염 농작물, 폭염 스트레스, 고온 피해, 농작물 고온, 폭염 재해",2023-03-01,0.01394
426,폭염,"폭염, 폭염 피해, 폭염 경보, 폭염 주의보, 폭염 작황, 폭염 농작물, 폭염 스트레스, 고온 피해, 농작물 고온, 폭염 재해",2023-04-01,0.05648
427,폭염,"폭염, 폭염 피해, 폭염 경보, 폭염 주의보, 폭염 작황, 폭염 농작물, 폭염 스트레스, 고온 피해, 농작물 고온, 폭염 재해",2023-05-01,0.0737
428,폭염,"폭염, 폭염 피해, 폭염 경보, 폭염 주의보, 폭염 작황, 폭염 농작물, 폭염 스트레스, 고온 피해, 농작물 고온, 폭염 재해",2023-06-01,0.29853
429,폭염,"폭염, 폭염 피해, 폭염 경보, 폭염 주의보, 폭염 작황, 폭염 농작물, 폭염 스트레스, 고온 피해, 농작물 고온, 폭염 재해",2023-07-01,0.78269
430,폭염,"폭염, 폭염 피해, 폭염 경보, 폭염 주의보, 폭염 작황, 폭염 농작물, 폭염 스트레스, 고온 피해, 농작물 고온, 폭염 재해",2023-08-01,0.75181
431,폭염,"폭염, 폭염 피해, 폭염 경보, 폭염 주의보, 폭염 작황, 폭염 농작물, 폭염 스트레스, 고온 피해, 농작물 고온, 폭염 재해",2023-09-01,0.09159
432,폭염,"폭염, 폭염 피해, 폭염 경보, 폭염 주의보, 폭염 작황, 폭염 농작물, 폭염 스트레스, 고온 피해, 농작물 고온, 폭염 재해",2023-10-01,0.01927
433,폭염,"폭염, 폭염 피해, 폭염 경보, 폭염 주의보, 폭염 작황, 폭염 농작물, 폭염 스트레스, 고온 피해, 농작물 고온, 폭염 재해",2023-11-01,0.04957
434,폭염,"폭염, 폭염 피해, 폭염 경보, 폭염 주의보, 폭염 작황, 폭염 농작물, 폭염 스트레스, 고온 피해, 농작물 고온, 폭염 재해",2023-12-01,0.02498
435,폭염,"폭염, 폭염 피해, 폭염 경보, 폭염 주의보, 폭염 작황, 폭염 농작물, 폭염 스트레스, 고온 피해, 농작물 고온, 폭염 재해",2024-01-01,0.01283
436,폭염,"폭염, 폭염 피해, 폭염 경보, 폭염 주의보, 폭염 작황, 폭염 농작물, 폭염 스트레스, 고온 피해, 농작물 고온, 폭염 재해",2024-02-01,0.0076
437,폭염,"폭염, 폭염 피해, 폭염 경보, 폭염 주의보, 폭염 작황, 폭염 농작물, 폭염 스트레스, 고온 피해, 농작물 고온, 폭염 재해",2024-03-01,0.04155
438,폭염,"폭염, 폭염 피해, 폭염 경보, 폭염 주의보, 폭염 작황, 폭염 농작물, 폭염 스트레스, 고온 피해, 농작물 고온, 폭염 재해",2024-04-01,0.05061
439,폭염,"폭염, 폭염 피해, 폭염 경보, 폭염 주의보, 폭염 작황, 폭염 농작물, 폭염 스트레스, 고온 피해, 농작물 고온, 폭염 재해",2024-05-01,0.0521
440,폭염,"폭염, 폭염 피해, 폭염 경보, 폭염 주의보, 폭염 작황, 폭염 농작물, 폭염 스트레스, 고온 피해, 농작물 고온, 폭염 재해",2024-06-01,0.4917
441,폭염,"폭염, 폭염 피해, 폭염 경보, 폭염 주의보, 폭염 작황, 폭염 농작물, 폭염 스트레스, 고온 피해, 농작물 고온, 폭염 재해",2024-07-01,0.59896
442,폭염,"폭염, 폭염 피해, 폭염 경보, 폭염 주의보, 폭염 작황, 폭염 농작물, 폭염 스트레스, 고온 피해, 농작물 고온, 폭염 재해",2024-08-01,0.89509
443,폭염,"폭염, 폭염 피해, 폭염 경보, 폭염 주의보, 폭염 작황, 폭염 농작물, 폭염 스트레스, 고온 피해, 농작물 고온, 폭염 재해",2024-09-01,0.46844
444,폭염,"폭염, 폭염 피해, 폭염 경보, 폭염 주의보, 폭염 작황, 폭염 농작물, 폭염 스트레스, 고온 피해, 농작물 고온, 폭염 재해",2024-10-01,0.02367
445,폭염,"폭염, 폭염 피해, 폭염 경보, 폭염 주의보, 폭염 작황, 폭염 농작물, 폭염 스트레스, 고온 피해, 농작물 고온, 폭염 재해",2024-11-01,0.01844
446,폭염,"폭염, 폭염 피해, 폭염 경보, 폭염 주의보, 폭염 작황, 폭염 농작물, 폭염 스트레스, 고온 피해, 농작물 고온, 폭염 재해",2024-12-01,0.01259
447,폭염,"폭염, 폭염 피해, 폭염 경보, 폭염 주의보, 폭염 작황, 폭염 농작물, 폭염 스트레스, 고온 피해, 농작물 고온, 폭염 재해",2025-01-01,0.00795
448,폭염,"폭염, 폭염 피해, 폭염 경보, 폭염 주의보, 폭염 작황, 폭염 농작물, 폭염 스트레스, 고온 피해, 농작물 고온, 폭염 재해",2025-02-01,0.01441
449,폭염,"폭염, 폭염 피해, 폭염 경보, 폭염 주의보, 폭염 작황, 폭염 농작물, 폭염 스트레스, 고온 피해, 농작물 고온, 폭염 재해",2025-03-01,0.01598
450,폭염,"폭염, 폭염 피해, 폭염 경보, 폭염 주의보, 폭염 작황, 폭염 농작물, 폭염 스트레스, 고온 피해, 농작물 고온, 폭염 재해",2025-04-01,0.03418
451,폭염,"폭염, 폭염 피해, 폭염 경보, 폭염 주의보, 폭염 작황, 폭염 농작물, 폭염 스트레스, 고온 피해, 농작물 고온, 폭염 재해",2025-05-01,0.03973
452,병충해,"병충해, 농작물 병충해, 해충 피해, 작물 병충해, 농약 방제, 농작물 해충, 병충해 예방법, 병충해 발생, 병충해 방제, 농사 병충해",2016-01-01,0.00227
453,병충해,"병충해, 농작물 병충해, 해충 피해, 작물 병충해, 농약 방제, 농작물 해충, 병충해 예방법, 병충해 발생, 병충해 방제, 농사 병충해",2016-02-01,0.00179
454,병충해,"병충해, 농작물 병충해, 해충 피해, 작물 병충해, 농약 방제, 농작물 해충, 병충해 예방법, 병충해 발생, 병충해 방제, 농사 병충해",2016-03-01,0.00326
455,병충해,"병충해, 농작물 병충해, 해충 피해, 작물 병충해, 농약 방제, 농작물 해충, 병충해 예방법, 병충해 발생, 병충해 방제, 농사 병충해",2016-04-01,0.00471
456,병충해,"병충해, 농작물 병충해, 해충 피해, 작물 병충해, 농약 방제, 농작물 해충, 병충해 예방법, 병충해 발생, 병충해 방제, 농사 병충해",2016-05-01,0.00586
457,병충해,"병충해, 농작물 병충해, 해충 피해, 작물 병충해, 농약 방제, 농작물 해충, 병충해 예방법, 병충해 발생, 병충해 방제, 농사 병충해",2016-06-01,0.00783
458,병충해,"병충해, 농작물 병충해, 해충 피해, 작물 병충해, 농약 방제, 농작물 해충, 병충해 예방법, 병충해 발생, 병충해 방제, 농사 병충해",2016-07-01,0.00571
459,병충해,"병충해, 농작물 병충해, 해충 피해, 작물 병충해, 농약 방제, 농작물 해충, 병충해 예방법, 병충해 발생, 병충해 방제, 농사 병충해",2016-08-01,0.00406
460,병충해,"병충해, 농작물 병충해, 해충 피해, 작물 병충해, 농약 방제, 농작물 해충, 병충해 예방법, 병충해 발생, 병충해 방제, 농사 병충해",2016-09-01,0.00452
461,병충해,"병충해, 농작물 병충해, 해충 피해, 작물 병충해, 농약 방제, 농작물 해충, 병충해 예방법, 병충해 발생, 병충해 방제, 농사 병충해",2016-10-01,0.00397
462,병충해,"병충해, 농작물 병충해, 해충 피해, 작물 병충해, 농약 방제, 농작물 해충, 병충해 예방법, 병충해 발생, 병충해 방제, 농사 병충해",2016-11-01,0.00381
463,병충해,"병충해, 농작물 병충해, 해충 피해, 작물 병충해, 농약 방제, 농작물 해충, 병충해 예방법, 병충해 발생, 병충해 방제, 농사 병충해",2016-12-01,0.00286
464,병충해,"병충해, 농작물 병충해, 해충 피해, 작물 병충해, 농약 방제, 농작물 해충, 병충해 예방법, 병충해 발생, 병충해 방제, 농사 병충해",2017-01-01,0.00225
465,병충해,"병충해, 농작물 병충해, 해충 피해, 작물 병충해, 농약 방제, 농작물 해충, 병충해 예방법, 병충해 발생, 병충해 방제, 농사 병충해",2017-02-01,0.00187
466,병충해,"병충해, 농작물 병충해, 해충 피해, 작물 병충해, 농약 방제, 농작물 해충, 병충해 예방법, 병충해 발생, 병충해 방제, 농사 병충해",2017-03-01,0.00349
467,병충해,"병충해, 농작물 병충해, 해충 피해, 작물 병충해, 농약 방제, 농작물 해충, 병충해 예방법, 병충해 발생, 병충해 방제, 농사 병충해",2017-04-01,0.0044
468,병충해,"병충해, 농작물 병충해, 해충 피해, 작물 병충해, 농약 방제, 농작물 해충, 병충해 예방법, 병충해 발생, 병충해 방제, 농사 병충해",2017-05-01,0.00494
469,병충해,"병충해, 농작물 병충해, 해충 피해, 작물 병충해, 농약 방제, 농작물 해충, 병충해 예방법, 병충해 발생, 병충해 방제, 농사 병충해",2017-06-01,0.00581
470,병충해,"병충해, 농작물 병충해, 해충 피해, 작물 병충해, 농약 방제, 농작물 해충, 병충해 예방법, 병충해 발생, 병충해 방제, 농사 병충해",2017-07-01,0.00478
471,병충해,"병충해, 농작물 병충해, 해충 피해, 작물 병충해, 농약 방제, 농작물 해충, 병충해 예방법, 병충해 발생, 병충해 방제, 농사 병충해",2017-08-01,0.00421
472,병충해,"병충해, 농작물 병충해, 해충 피해, 작물 병충해, 농약 방제, 농작물 해충, 병충해 예방법, 병충해 발생, 병충해 방제, 농사 병충해",2017-09-01,0.00422
473,병충해,"병충해, 농작물 병충해, 해충 피해, 작물 병충해, 농약 방제, 농작물 해충, 병충해 예방법, 병충해 발생, 병충해 방제, 농사 병충해",2017-10-01,0.00375
474,병충해,"병충해, 농작물 병충해, 해충 피해, 작물 병충해, 농약 방제, 농작물 해충, 병충해 예방법, 병충해 발생, 병충해 방제, 농사 병충해",2017-11-01,0.00364
475,병충해,"병충해, 농작물 병충해, 해충 피해, 작물 병충해, 농약 방제, 농작물 해충, 병충해 예방법, 병충해 발생, 병충해 방제, 농사 병충해",2017-12-01,0.00315
476,병충해,"병충해, 농작물 병충해, 해충 피해, 작물 병충해, 농약 방제, 농작물 해충, 병충해 예방법, 병충해 발생, 병충해 방제, 농사 병충해",2018-01-01,0.00243
477,병충해,"병충해, 농작물 병충해, 해충 피해, 작물 병충해, 농약 방제, 농작물 해충, 병충해 예방법, 병충해 발생, 병충해 방제, 농사 병충해",2018-02-01,0.00194
478,병충해,"병충해, 농작물 병충해, 해충 피해, 작물 병충해, 농약 방제, 농작물 해충, 병충해 예방법, 병충해 발생, 병충해 방제, 농사 병충해",2018-03-01,0.00329
479,병충해,"병충해, 농작물 병충해, 해충 피해, 작물 병충해, 농약 방제, 농작물 해충, 병충해 예방법, 병충해 발생, 병충해 방제, 농사 병충해",2018-04-01,0.00495
480,병충해,"병충해, 농작물 병충해, 해충 피해, 작물 병충해, 농약 방제, 농작물 해충, 병충해 예방법, 병충해 발생, 병충해 방제, 농사 병충해",2018-05-01,0.00553
481,병충해,"병충해, 농작물 병충해, 해충 피해, 작물 병충해, 농약 방제, 농작물 해충, 병충해 예방법, 병충해 발생, 병충해 방제, 농사 병충해",2018-06-01,0.00547
482,병충해,"병충해, 농작물 병충해, 해충 피해, 작물 병충해, 농약 방제, 농작물 해충, 병충해 예방법, 병충해 발생, 병충해 방제, 농사 병충해",2018-07-01,0.00614
483,병충해,"병충해, 농작물 병충해, 해충 피해, 작물 병충해, 농약 방제, 농작물 해충, 병충해 예방법, 병충해 발생, 병충해 방제, 농사 병충해",2018-08-01,0.00422
484,병충해,"병충해, 농작물 병충해, 해충 피해, 작물 병충해, 농약 방제, 농작물 해충, 병충해 예방법, 병충해 발생, 병충해 방제, 농사 병충해",2018-09-01,0.00418
485,병충해,"병충해, 농작물 병충해, 해충 피해, 작물 병충해, 농약 방제, 농작물 해충, 병충해 예방법, 병충해 발생, 병충해 방제, 농사 병충해",2018-10-01,0.00412
486,병충해,"병충해, 농작물 병충해, 해충 피해, 작물 병충해, 농약 방제, 농작물 해충, 병충해 예방법, 병충해 발생, 병충해 방제, 농사 병충해",2018-11-01,0.00413
487,병충해,"병충해, 농작물 병충해, 해충 피해, 작물 병충해, 농약 방제, 농작물 해충, 병충해 예방법, 병충해 발생, 병충해 방제, 농사 병충해",2018-12-01,0.0029
488,병충해,"병충해, 농작물 병충해, 해충 피해, 작물 병충해, 농약 방제, 농작물 해충, 병충해 예방법, 병충해 발생, 병충해 방제, 농사 병충해",2019-01-01,0.00268
489,병충해,"병충해, 농작물 병충해, 해충 피해, 작물 병충해, 농약 방제, 농작물 해충, 병충해 예방법, 병충해 발생, 병충해 방제, 농사 병충해",2019-02-01,0.00232
490,병충해,"병충해, 농작물 병충해, 해충 피해, 작물 병충해, 농약 방제, 농작물 해충, 병충해 예방법, 병충해 발생, 병충해 방제, 농사 병충해",2019-03-01,0.00393
491,병충해,"병충해, 농작물 병충해, 해충 피해, 작물 병충해, 농약 방제, 농작물 해충, 병충해 예방법, 병충해 발생, 병충해 방제, 농사 병충해",2019-04-01,0.00509
492,병충해,"병충해, 농작물 병충해, 해충 피해, 작물 병충해, 농약 방제, 농작물 해충, 병충해 예방법, 병충해 발생, 병충해 방제, 농사 병충해",2019-05-01,0.00581
493,병충해,"병충해, 농작물 병충해, 해충 피해, 작물 병충해, 농약 방제, 농작물 해충, 병충해 예방법, 병충해 발생, 병충해 방제, 농사 병충해",2019-06-01,0.00641
494,병충해,"병충해, 농작물 병충해, 해충 피해, 작물 병충해, 농약 방제, 농작물 해충, 병충해 예방법, 병충해 발생, 병충해 방제, 농사 병충해",2019-07-01,0.00504
495,병충해,"병충해, 농작물 병충해, 해충 피해, 작물 병충해, 농약 방제, 농작물 해충, 병충해 예방법, 병충해 발생, 병충해 방제, 농사 병충해",2019-08-01,0.00414
496,병충해,"병충해, 농작물 병충해, 해충 피해, 작물 병충해, 농약 방제, 농작물 해충, 병충해 예방법, 병충해 발생, 병충해 방제, 농사 병충해",2019-09-01,0.0039
497,병충해,"병충해, 농작물 병충해, 해충 피해, 작물 병충해, 농약 방제, 농작물 해충, 병충해 예방법, 병충해 발생, 병충해 방제, 농사 병충해",2019-10-01,0.00415
498,병충해,"병충해, 농작물 병충해, 해충 피해, 작물 병충해, 농약 방제, 농작물 해충, 병충해 예방법, 병충해 발생, 병충해 방제, 농사 병충해",2019-11-01,0.00397
499,병충해,"병충해, 농작물 병충해, 해충 피해, 작물 병충해, 농약 방제, 농작물 해충, 병충해 예방법, 병충해 발생, 병충해 방제, 농사 병충해",2019-12-01,0.00325
500,병충해,"병충해, 농작물 병충해, 해충 피해, 작물 병충해, 농약 방제, 농작물 해충, 병충해 예방법, 병충해 발생, 병충해 방제, 농사 병충해",2020-01-01,0.00287
501,병충해,"병충해, 농작물 병충해, 해충 피해, 작물 병충해, 농약 방제, 농작물 해충, 병충해 예방법, 병충해 발생, 병충해 방제, 농사 병충해",2020-02-01,0.00347
502,병충해,"병충해, 농작물 병충해, 해충 피해, 작물 병충해, 농약 방제, 농작물 해충, 병충해 예방법, 병충해 발생, 병충해 방제, 농사 병충해",2020-03-01,0.00536
503,병충해,"병충해, 농작물 병충해, 해충 피해, 작물 병충해, 농약 방제, 농작물 해충, 병충해 예방법, 병충해 발생, 병충해 방제, 농사 병충해",2020-04-01,0.00633
504,병충해,"병충해, 농작물 병충해, 해충 피해, 작물 병충해, 농약 방제, 농작물 해충, 병충해 예방법, 병충해 발생, 병충해 방제, 농사 병충해",2020-05-01,0.00657
505,병충해,"병충해, 농작물 병충해, 해충 피해, 작물 병충해, 농약 방제, 농작물 해충, 병충해 예방법, 병충해 발생, 병충해 방제, 농사 병충해",2020-06-01,0.00781
506,병충해,"병충해, 농작물 병충해, 해충 피해, 작물 병충해, 농약 방제, 농작물 해충, 병충해 예방법, 병충해 발생, 병충해 방제, 농사 병충해",2020-07-01,0.00697
507,병충해,"병충해, 농작물 병충해, 해충 피해, 작물 병충해, 농약 방제, 농작물 해충, 병충해 예방법, 병충해 발생, 병충해 방제, 농사 병충해",2020-08-01,0.00725
508,병충해,"병충해, 농작물 병충해, 해충 피해, 작물 병충해, 농약 방제, 농작물 해충, 병충해 예방법, 병충해 발생, 병충해 방제, 농사 병충해",2020-09-01,0.00601
509,병충해,"병충해, 농작물 병충해, 해충 피해, 작물 병충해, 농약 방제, 농작물 해충, 병충해 예방법, 병충해 발생, 병충해 방제, 농사 병충해",2020-10-01,0.00536
510,병충해,"병충해, 농작물 병충해, 해충 피해, 작물 병충해, 농약 방제, 농작물 해충, 병충해 예방법, 병충해 발생, 병충해 방제, 농사 병충해",2020-11-01,0.00507
511,병충해,"병충해, 농작물 병충해, 해충 피해, 작물 병충해, 농약 방제, 농작물 해충, 병충해 예방법, 병충해 발생, 병충해 방제, 농사 병충해",2020-12-01,0.00465
512,병충해,"병충해, 농작물 병충해, 해충 피해, 작물 병충해, 농약 방제, 농작물 해충, 병충해 예방법, 병충해 발생, 병충해 방제, 농사 병충해",2021-01-01,0.00357
513,병충해,"병충해, 농작물 병충해, 해충 피해, 작물 병충해, 농약 방제, 농작물 해충, 병충해 예방법, 병충해 발생, 병충해 방제, 농사 병충해",2021-02-01,0.00298
514,병충해,"병충해, 농작물 병충해, 해충 피해, 작물 병충해, 농약 방제, 농작물 해충, 병충해 예방법, 병충해 발생, 병충해 방제, 농사 병충해",2021-03-01,0.00513
515,병충해,"병충해, 농작물 병충해, 해충 피해, 작물 병충해, 농약 방제, 농작물 해충, 병충해 예방법, 병충해 발생, 병충해 방제, 농사 병충해",2021-04-01,0.00693
516,병충해,"병충해, 농작물 병충해, 해충 피해, 작물 병충해, 농약 방제, 농작물 해충, 병충해 예방법, 병충해 발생, 병충해 방제, 농사 병충해",2021-05-01,0.00747
517,병충해,"병충해, 농작물 병충해, 해충 피해, 작물 병충해, 농약 방제, 농작물 해충, 병충해 예방법, 병충해 발생, 병충해 방제, 농사 병충해",2021-06-01,0.00772
518,병충해,"병충해, 농작물 병충해, 해충 피해, 작물 병충해, 농약 방제, 농작물 해충, 병충해 예방법, 병충해 발생, 병충해 방제, 농사 병충해",2021-07-01,0.00594
519,병충해,"병충해, 농작물 병충해, 해충 피해, 작물 병충해, 농약 방제, 농작물 해충, 병충해 예방법, 병충해 발생, 병충해 방제, 농사 병충해",2021-08-01,0.00561
520,병충해,"병충해, 농작물 병충해, 해충 피해, 작물 병충해, 농약 방제, 농작물 해충, 병충해 예방법, 병충해 발생, 병충해 방제, 농사 병충해",2021-09-01,0.00572
521,병충해,"병충해, 농작물 병충해, 해충 피해, 작물 병충해, 농약 방제, 농작물 해충, 병충해 예방법, 병충해 발생, 병충해 방제, 농사 병충해",2021-10-01,0.00637
522,병충해,"병충해, 농작물 병충해, 해충 피해, 작물 병충해, 농약 방제, 농작물 해충, 병충해 예방법, 병충해 발생, 병충해 방제, 농사 병충해",2021-11-01,0.0058
523,병충해,"병충해, 농작물 병충해, 해충 피해, 작물 병충해, 농약 방제, 농작물 해충, 병충해 예방법, 병충해 발생, 병충해 방제, 농사 병충해",2021-12-01,0.00435
524,병충해,"병충해, 농작물 병충해, 해충 피해, 작물 병충해, 농약 방제, 농작물 해충, 병충해 예방법, 병충해 발생, 병충해 방제, 농사 병충해",2022-01-01,0.00314
525,병충해,"병충해, 농작물 병충해, 해충 피해, 작물 병충해, 농약 방제, 농작물 해충, 병충해 예방법, 병충해 발생, 병충해 방제, 농사 병충해",2022-02-01,0.00286
526,병충해,"병충해, 농작물 병충해, 해충 피해, 작물 병충해, 농약 방제, 농작물 해충, 병충해 예방법, 병충해 발생, 병충해 방제, 농사 병충해",2022-03-01,0.00482
527,병충해,"병충해, 농작물 병충해, 해충 피해, 작물 병충해, 농약 방제, 농작물 해충, 병충해 예방법, 병충해 발생, 병충해 방제, 농사 병충해",2022-04-01,0.0062
528,병충해,"병충해, 농작물 병충해, 해충 피해, 작물 병충해, 농약 방제, 농작물 해충, 병충해 예방법, 병충해 발생, 병충해 방제, 농사 병충해",2022-05-01,0.00687
529,병충해,"병충해, 농작물 병충해, 해충 피해, 작물 병충해, 농약 방제, 농작물 해충, 병충해 예방법, 병충해 발생, 병충해 방제, 농사 병충해",2022-06-01,0.00736
530,병충해,"병충해, 농작물 병충해, 해충 피해, 작물 병충해, 농약 방제, 농작물 해충, 병충해 예방법, 병충해 발생, 병충해 방제, 농사 병충해",2022-07-01,0.006
531,병충해,"병충해, 농작물 병충해, 해충 피해, 작물 병충해, 농약 방제, 농작물 해충, 병충해 예방법, 병충해 발생, 병충해 방제, 농사 병충해",2022-08-01,0.00541
532,병충해,"병충해, 농작물 병충해, 해충 피해, 작물 병충해, 농약 방제, 농작물 해충, 병충해 예방법, 병충해 발생, 병충해 방제, 농사 병충해",2022-09-01,0.00528
533,병충해,"병충해, 농작물 병충해, 해충 피해, 작물 병충해, 농약 방제, 농작물 해충, 병충해 예방법, 병충해 발생, 병충해 방제, 농사 병충해",2022-10-01,0.00616
534,병충해,"병충해, 농작물 병충해, 해충 피해, 작물 병충해, 농약 방제, 농작물 해충, 병충해 예방법, 병충해 발생, 병충해 방제, 농사 병충해",2022-11-01,0.00623
535,병충해,"병충해, 농작물 병충해, 해충 피해, 작물 병충해, 농약 방제, 농작물 해충, 병충해 예방법, 병충해 발생, 병충해 방제, 농사 병충해",2022-12-01,0.00458
536,병충해,"병충해, 농작물 병충해, 해충 피해, 작물 병충해, 농약 방제, 농작물 해충, 병충해 예방법, 병충해 발생, 병충해 방제, 농사 병충해",2023-01-01,0.00277
537,병충해,"병충해, 농작물 병충해, 해충 피해, 작물 병충해, 농약 방제, 농작물 해충, 병충해 예방법, 병충해 발생, 병충해 방제, 농사 병충해",2023-02-01,0.00326
538,병충해,"병충해, 농작물 병충해, 해충 피해, 작물 병충해, 농약 방제, 농작물 해충, 병충해 예방법, 병충해 발생, 병충해 방제, 농사 병충해",2023-03-01,0.00484
539,병충해,"병충해, 농작물 병충해, 해충 피해, 작물 병충해, 농약 방제, 농작물 해충, 병충해 예방법, 병충해 발생, 병충해 방제, 농사 병충해",2023-04-01,0.00664
540,병충해,"병충해, 농작물 병충해, 해충 피해, 작물 병충해, 농약 방제, 농작물 해충, 병충해 예방법, 병충해 발생, 병충해 방제, 농사 병충해",2023-05-01,0.00827
541,병충해,"병충해, 농작물 병충해, 해충 피해, 작물 병충해, 농약 방제, 농작물 해충, 병충해 예방법, 병충해 발생, 병충해 방제, 농사 병충해",2023-06-01,0.00852
542,병충해,"병충해, 농작물 병충해, 해충 피해, 작물 병충해, 농약 방제, 농작물 해충, 병충해 예방법, 병충해 발생, 병충해 방제, 농사 병충해",2023-07-01,0.0063
543,병충해,"병충해, 농작물 병충해, 해충 피해, 작물 병충해, 농약 방제, 농작물 해충, 병충해 예방법, 병충해 발생, 병충해 방제, 농사 병충해",2023-08-01,0.00644
544,병충해,"병충해, 농작물 병충해, 해충 피해, 작물 병충해, 농약 방제, 농작물 해충, 병충해 예방법, 병충해 발생, 병충해 방제, 농사 병충해",2023-09-01,0.00585
545,병충해,"병충해, 농작물 병충해, 해충 피해, 작물 병충해, 농약 방제, 농작물 해충, 병충해 예방법, 병충해 발생, 병충해 방제, 농사 병충해",2023-10-01,0.00611
546,병충해,"병충해, 농작물 병충해, 해충 피해, 작물 병충해, 농약 방제, 농작물 해충, 병충해 예방법, 병충해 발생, 병충해 방제, 농사 병충해",2023-11-01,0.00656
547,병충해,"병충해, 농작물 병충해, 해충 피해, 작물 병충해, 농약 방제, 농작물 해충, 병충해 예방법, 병충해 발생, 병충해 방제, 농사 병충해",2023-12-01,0.00385
548,병충해,"병충해, 농작물 병충해, 해충 피해, 작물 병충해, 농약 방제, 농작물 해충, 병충해 예방법, 병충해 발생, 병충해 방제, 농사 병충해",2024-01-01,0.00341
549,병충해,"병충해, 농작물 병충해, 해충 피해, 작물 병충해, 농약 방제, 농작물 해충, 병충해 예방법, 병충해 발생, 병충해 방제, 농사 병충해",2024-02-01,0.00287
550,병충해,"병충해, 농작물 병충해, 해충 피해, 작물 병충해, 농약 방제, 농작물 해충, 병충해 예방법, 병충해 발생, 병충해 방제, 농사 병충해",2024-03-01,0.00435
551,병충해,"병충해, 농작물 병충해, 해충 피해, 작물 병충해, 농약 방제, 농작물 해충, 병충해 예방법, 병충해 발생, 병충해 방제, 농사 병충해",2024-04-01,0.00709
552,병충해,"병충해, 농작물 병충해, 해충 피해, 작물 병충해, 농약 방제, 농작물 해충, 병충해 예방법, 병충해 발생, 병충해 방제, 농사 병충해",2024-05-01,0.00783
553,병충해,"병충해, 농작물 병충해, 해충 피해, 작물 병충해, 농약 방제, 농작물 해충, 병충해 예방법, 병충해 발생, 병충해 방제, 농사 병충해",2024-06-01,0.00766
554,병충해,"병충해, 농작물 병충해, 해충 피해, 작물 병충해, 농약 방제, 농작물 해충, 병충해 예방법, 병충해 발생, 병충해 방제, 농사 병충해",2024-07-01,0.00628
555,병충해,"병충해, 농작물 병충해, 해충 피해, 작물 병충해, 농약 방제, 농작물 해충, 병충해 예방법, 병충해 발생, 병충해 방제, 농사 병충해",2024-08-01,0.00532
556,병충해,"병충해, 농작물 병충해, 해충 피해, 작물 병충해, 농약 방제, 농작물 해충, 병충해 예방법, 병충해 발생, 병충해 방제, 농사 병충해",2024-09-01,0.00516
557,병충해,"병충해, 농작물 병충해, 해충 피해, 작물 병충해, 농약 방제, 농작물 해충, 병충해 예방법, 병충해 발생, 병충해 방제, 농사 병충해",2024-10-01,0.00518
558,병충해,"병충해, 농작물 병충해, 해충 피해, 작물 병충해, 농약 방제, 농작물 해충, 병충해 예방법, 병충해 발생, 병충해 방제, 농사 병충해",2024-11-01,0.00475
559,병충해,"병충해, 농작물 병충해, 해충 피해, 작물 병충해, 농약 방제, 농작물 해충, 병충해 예방법, 병충해 발생, 병충해 방제, 농사 병충해",2024-12-01,0.00329
560,병충해,"병충해, 농작물 병충해, 해충 피해, 작물 병충해, 농약 방제, 농작물 해충, 병충해 예방법, 병충해 발생, 병충해 방제, 농사 병충해",2025-01-01,0.00263
561,병충해,"병충해, 농작물 병충해, 해충 피해, 작물 병충해, 농약 방제, 농작물 해충, 병충해 예방법, 병충해 발생, 병충해 방제, 농사 병충해",2025-02-01,0.00255
562,병충해,"병충해, 농작물 병충해, 해충 피해, 작물 병충해, 농약 방제, 농작물 해충, 병충해 예방법, 병충해 발생, 병충해 방제, 농사 병충해",2025-03-01,0.00359
563,병충해,"병충해, 농작물 병충해, 해충 피해, 작물 병충해, 농약 방제, 농작물 해충, 병충해 예방법, 병충해 발생, 병충해 방제, 농사 병충해",2025-04-01,0.00432
564,병충해,"병충해, 농작물 병충해, 해충 피해, 작물 병충해, 농약 방제, 농작물 해충, 병충해 예방법, 병충해 발생, 병충해 방제, 농사 병충해",2025-05-01,0.00501
