week_no,item_code,holiday_flag,holiday_score,grow_score
201801,501,3,0,7
201801,601,3,0,0
201801,602,3,0,0
201801,1001,3,0,7
201801,1005,3,0,21
201801,1101,3,0,14
201801,1201,3,0,0
201801,1207,3,0,21
201801,1209,3,0,0
201802,501,2,0,11
201802,601,2,0,0
201802,602,2,0,0
201802,1001,2,0,11
201802,1005,2,0,21
201802,1101,2,0,14
201802,1201,2,0,0
201802,1207,2,0,21
201802,1209,2,0,0
201803,501,2,0,15
201803,601,2,0,0
201803,602,2,0,0
201803,1001,2,0,14
201803,1005,2,0,20
201803,1101,2,0,15
201803,1201,2,0,0
201803,1207,2,0,21
201803,1209,2,0,0
201804,501,2,0,21
201804,601,2,0,0
201804,602,2,0,0
201804,1001,2,0,14
201804,1005,2,0,14
201804,1101,2,0,21
201804,1201,2,0,0
201804,1207,2,0,21
201804,1209,2,0,0
201805,501,2,0.2143,9
201805,601,2,0.2143,4
201805,602,2,0.2143,4
201805,1001,2,0.2143,22
201805,1005,2,0.2143,14
201805,1101,2,0.2143,21
201805,1201,2,0.2143,0
201805,1207,2,0.2143,29
201805,1209,2,0.2143,0
201806,501,2,3,4
201806,601,2,3,7
201806,602,2,3,7
201806,1001,2,3,28
201806,1005,2,3,14
201806,1101,2,3,22
201806,1201,2,3,0
201806,1207,2,3,35
201806,1209,2,3,0
201807,501,4,5.3857,28
201807,601,4,5.3857,7
201807,602,4,5.3857,7
201807,1001,4,5.3857,28
201807,1005,4,5.3857,14
201807,1101,4,5.3857,28
201807,1201,4,5.3857,0
201807,1207,4,5.3857,35
201807,1209,4,5.3857,0
201808,501,2,1,8
201808,601,2,1,12
201808,602,2,1,12
201808,1001,2,1,8
201808,1005,2,1,14
201808,1101,2,1,28
201808,1201,2,1,25
201808,1207,2,1,35
201808,1209,2,1,20
201809,501,3,0,0
201809,601,3,0,14
201809,602,3,0,14
201809,1001,3,0,0
201809,1005,3,0,10
201809,1101,3,0,32
201809,1201,3,0,35
201809,1207,3,0,15
201809,1209,3,0,28
201810,501,2,0,0
201810,601,2,0,15
201810,602,2,0,15
201810,1001,2,0,5
201810,1005,2,0,7
201810,1101,2,0,31
201810,1201,2,0,35
201810,1207,2,0,0
201810,1209,2,0,29
201811,501,2,0,0
201811,601,2,0,21
201811,602,2,0,21
201811,1001,2,0,35
201811,1005,2,0,7
201811,1101,2,0,7
201811,1201,2,0,35
201811,1207,2,0,0
201811,1209,2,0,35
201812,501,2,0,0
201812,601,2,0,21
201812,602,2,0,21
201812,1001,2,0,35
201812,1005,2,0,7
201812,1101,2,0,7
201812,1201,2,0,40
201812,1207,2,0,30
201812,1209,2,0,40
201813,501,2,0,0
201813,601,2,0,24
201813,602,2,0,24
201813,1001,2,0,36
201813,1005,2,0,9
201813,1101,2,0,6
201813,1201,2,0,42
201813,1207,2,0,42
201813,1209,2,0,42
201814,501,2,0,0
201814,601,2,0,42
201814,602,2,0,42
201814,1001,2,0,42
201814,1005,2,0,21
201814,1101,2,0,0
201814,1201,2,0,42
201814,1207,2,0,42
201814,1209,2,0,42
201815,501,2,0,0
201815,601,2,0,42
201815,602,2,0,42
201815,1001,2,0,42
201815,1005,2,0,21
201815,1101,2,0,0
201815,1201,2,0,42
201815,1207,2,0,42
201815,1209,2,0,12
201816,501,2,0,0
201816,601,2,0,42
201816,602,2,0,42
201816,1001,2,0,44
201816,1005,2,0,21
201816,1101,2,0,0
201816,1201,2,0,44
201816,1207,2,0,42
201816,1209,2,0,0
201817,501,2,0,0
201817,601,2,0,42
201817,602,2,0,42
201817,1001,2,0,49
201817,1005,2,0,21
201817,1101,2,0,0
201817,1201,2,0,49
201817,1207,2,0,42
201817,1209,2,0,0
201818,501,2,0,6
201818,601,2,0,42
201818,602,2,0,42
201818,1001,2,0,49
201818,1005,2,0,15
201818,1101,2,0,0
201818,1201,2,0,49
201818,1207,2,0,48
201818,1209,2,0,0
201819,501,3,0,10
201819,601,3,0,42
201819,602,3,0,42
201819,1001,3,0,28
201819,1005,3,0,14
201819,1101,3,0,0
201819,1201,3,0,49
201819,1207,3,0,49
201819,1209,3,0,0
201820,501,2,0,14
201820,601,2,0,42
201820,602,2,0,42
201820,1001,2,0,0
201820,1005,2,0,14
201820,1101,2,0,0
201820,1201,2,0,49
201820,1207,2,0,49
201820,1209,2,0,0
201821,501,3,0,21
201821,601,3,0,49
201821,602,3,0,49
201821,1001,3,0,0
201821,1005,3,0,21
201821,1101,3,0,0
201821,1201,3,0,0
201821,1207,3,0,49
201821,1209,3,0,0
201822,501,2,0,24
201822,601,2,0,49
201822,602,2,0,49
201822,1001,2,0,0
201822,1005,2,0,21
201822,1101,2,0,6
201822,1201,2,0,0
201822,1207,2,0,49
201822,1209,2,0,0
201823,501,3,0,28
201823,601,3,0,49
201823,602,3,0,49
201823,1001,3,0,0
201823,1005,3,0,21
201823,1101,3,0,14
201823,1201,3,0,0
201823,1207,3,0,49
201823,1209,3,0,0
201824,501,3,0,0
201824,601,3,0,56
201824,602,3,0,56
201824,1001,3,0,0
201824,1005,3,0,21
201824,1101,3,0,14
201824,1201,3,0,0
201824,1207,3,0,49
201824,1209,3,0,0
201825,501,2,0,0
201825,601,2,0,56
201825,602,2,0,56
201825,1001,2,0,4
201825,1005,2,0,17
201825,1101,2,0,18
201825,1201,2,0,0
201825,1207,2,0,49
201825,1209,2,0,0
201826,501,2,0,0
201826,601,2,0,56
201826,602,2,0,56
201826,1001,2,0,7
201826,1005,2,0,14
201826,1101,2,0,21
201826,1201,2,0,0
201826,1207,2,0,49
201826,1209,2,0,0
201827,501,2,0,0
201827,601,2,0,56
201827,602,2,0,56
201827,1001,2,0,7
201827,1005,2,0,14
201827,1101,2,0,21
201827,1201,2,0,0
201827,1207,2,0,49
201827,1209,2,0,0
201828,501,2,0,0
201828,601,2,0,56
201828,602,2,0,56
201828,1001,2,0,12
201828,1005,2,0,14
201828,1101,2,0,26
201828,1201,2,0,0
201828,1207,2,0,49
201828,1209,2,0,0
201829,501,2,0,0
201829,601,2,0,56
201829,602,2,0,56
201829,1001,2,0,14
201829,1005,2,0,16
201829,1101,2,0,28
201829,1201,2,0,0
201829,1207,2,0,49
201829,1209,2,0,0
201830,501,2,0,0
201830,601,2,0,56
201830,602,2,0,56
201830,1001,2,0,14
201830,1005,2,0,21
201830,1101,2,0,28
201830,1201,2,0,0
201830,1207,2,0,49
201830,1209,2,0,0
201831,501,2,0,0
201831,601,2,0,61
201831,602,2,0,61
201831,1001,2,0,19
201831,1005,2,0,21
201831,1101,2,0,33
201831,1201,2,0,0
201831,1207,2,0,14
201831,1209,2,0,0
201832,501,2,0,0
201832,601,2,0,63
201832,602,2,0,63
201832,1001,2,0,21
201832,1005,2,0,21
201832,1101,2,0,37
201832,1201,2,0,0
201832,1207,2,0,0
201832,1209,2,0,0
201833,501,3,0,0
201833,601,3,0,63
201833,602,3,0,63
201833,1001,3,0,21
201833,1005,3,0,21
201833,1101,3,0,42
201833,1201,3,0,0
201833,1207,3,0,0
201833,1209,3,0,0
201834,501,2,0,6
201834,601,2,0,63
201834,602,2,0,63
201834,1001,2,0,27
201834,1005,2,0,21
201834,1101,2,0,42
201834,1201,2,0,0
201834,1207,2,0,0
201834,1209,2,0,0
201835,501,2,0,9
201835,601,2,0,63
201835,602,2,0,63
201835,1001,2,0,28
201835,1005,2,0,17
201835,1101,2,0,32
201835,1201,2,0,2
201835,1207,2,0,0
201835,1209,2,0,2
201836,501,2,0,14
201836,601,2,0,63
201836,602,2,0,63
201836,1001,2,0,28
201836,1005,2,0,7
201836,1101,2,0,7
201836,1201,2,0,7
201836,1207,2,0,0
201836,1209,2,0,7
201837,501,2,1.5,20
201837,601,2,1.5,69
201837,602,2,1.5,69
201837,1001,2,1.5,34
201837,1005,2,1.5,7
201837,1101,2,1.5,7
201837,1201,2,1.5,13
201837,1207,2,1.5,0
201837,1209,2,1.5,7
201838,501,2,5,12
201838,601,2,5,70
201838,602,2,5,70
201838,1001,2,5,35
201838,1005,2,5,10
201838,1101,2,5,7
201838,1201,2,5,17
201838,1207,2,5,0
201838,1209,2,5,10
201839,501,5,3.1,0
201839,601,5,3.1,70
201839,602,5,3.1,70
201839,1001,5,3.1,35
201839,1005,5,3.1,14
201839,1101,5,3.1,7
201839,1201,5,3.1,21
201839,1207,5,3.1,0
201839,1209,5,3.1,14
201840,501,3,0,28
201840,601,3,0,77
201840,602,3,0,77
201840,1001,3,0,42
201840,1005,3,0,14
201840,1101,3,0,0
201840,1201,3,0,21
201840,1207,3,0,0
201840,1209,3,0,14
201841,501,3,0,12
201841,601,3,0,77
201841,602,3,0,77
201841,1001,3,0,42
201841,1005,3,0,18
201841,1101,3,0,0
201841,1201,3,0,25
201841,1207,3,0,0
201841,1209,3,0,6
201842,501,2,0,0
201842,601,2,0,77
201842,602,2,0,77
201842,1001,2,0,43
201842,1005,2,0,21
201842,1101,2,0,0
201842,1201,2,0,28
201842,1207,2,0,0
201842,1209,2,0,0
201843,501,2,0,0
201843,601,2,0,77
201843,602,2,0,77
201843,1001,2,0,49
201843,1005,2,0,21
201843,1101,2,0,0
201843,1201,2,0,28
201843,1207,2,0,0
201843,1209,2,0,0
201844,501,2,0,0
201844,601,2,0,33
201844,602,2,0,33
201844,1001,2,0,49
201844,1005,2,0,21
201844,1101,2,0,0
201844,1201,2,0,12
201844,1207,2,0,0
201844,1209,2,0,0
201845,501,2,0,0
201845,601,2,0,0
201845,602,2,0,0
201845,1001,2,0,42
201845,1005,2,0,18
201845,1101,2,0,0
201845,1201,2,0,0
201845,1207,2,0,0
201845,1209,2,0,0
201846,501,2,0,0
201846,601,2,0,0
201846,602,2,0,0
201846,1001,2,0,0
201846,1005,2,0,0
201846,1101,2,0,0
201846,1201,2,0,0
201846,1207,2,0,0
201846,1209,2,0,0
201847,501,2,0,0
201847,601,2,0,0
201847,602,2,0,0
201847,1001,2,0,0
201847,1005,2,0,0
201847,1101,2,0,0
201847,1201,2,0,0
201847,1207,2,0,0
201847,1209,2,0,0
201848,501,2,0,0
201848,601,2,0,0
201848,602,2,0,0
201848,1001,2,0,0
201848,1005,2,0,0
201848,1101,2,0,0
201848,1201,2,0,0
201848,1207,2,0,0
201848,1209,2,0,0
201849,501,2,0,0
201849,601,2,0,0
201849,602,2,0,0
201849,1001,2,0,0
201849,1005,2,0,0
201849,1101,2,0,0
201849,1201,2,0,0
201849,1207,2,0,0
201849,1209,2,0,0
201850,501,2,0,0
201850,601,2,0,0
201850,602,2,0,0
201850,1001,2,0,0
201850,1005,2,0,0
201850,1101,2,0,0
201850,1201,2,0,0
201850,1207,2,0,0
201850,1209,2,0,0
201851,501,2,0,0
201851,601,2,0,0
201851,602,2,0,0
201851,1001,2,0,0
201851,1005,2,0,0
201851,1101,2,0,0
201851,1201,2,0,0
201851,1207,2,0,0
201851,1209,2,0,0
201852,501,3,0,0
201852,601,3,0,0
201852,602,3,0,0
201852,1001,3,0,0
201852,1005,3,0,0
201852,1101,3,0,0
201852,1201,3,0,0
201852,1207,3,0,0
201852,1209,3,0,0
201901,501,3,0,6
201901,601,3,0,0
201901,602,3,0,0
201901,1001,3,0,6
201901,1005,3,0,18
201901,1101,3,0,12
201901,1201,3,0,0
201901,1207,3,0,18
201901,1209,3,0,0
201902,501,2,0,10
201902,601,2,0,0
201902,602,2,0,0
201902,1001,2,0,10
201902,1005,2,0,21
201902,1101,2,0,14
201902,1201,2,0,0
201902,1207,2,0,21
201902,1209,2,0,0
201903,501,2,0,14
201903,601,2,0,0
201903,602,2,0,0
201903,1001,2,0,14
201903,1005,2,0,21
201903,1101,2,0,14
201903,1201,2,0,0
201903,1207,2,0,21
201903,1209,2,0,0
201904,501,2,1.0714,21
201904,601,2,1.0714,0
201904,602,2,1.0714,0
201904,1001,2,1.0714,14
201904,1005,2,1.0714,14
201904,1101,2,1.0714,21
201904,1201,2,1.0714,0
201904,1207,2,1.0714,21
201904,1209,2,1.0714,0
201905,501,2,4.5,12
201905,601,2,4.5,3
201905,602,2,4.5,3
201905,1001,2,4.5,20
201905,1005,2,4.5,14
201905,1101,2,4.5,21
201905,1201,2,4.5,0
201905,1207,2,4.5,27
201905,1209,2,4.5,0
201906,501,5,3.9286,0
201906,601,5,3.9286,7
201906,602,5,3.9286,7
201906,1001,5,3.9286,28
201906,1005,5,3.9286,14
201906,1101,5,3.9286,21
201906,1201,5,3.9286,0
201906,1207,5,3.9286,35
201906,1209,5,3.9286,0
201907,501,2,0.1,28
201907,601,2,0.1,7
201907,602,2,0.1,7
201907,1001,2,0.1,28
201907,1005,2,0.1,14
201907,1101,2,0.1,28
201907,1201,2,0.1,0
201907,1207,2,0.1,35
201907,1209,2,0.1,0
201908,501,2,0,12
201908,601,2,0,11
201908,602,2,0,11
201908,1001,2,0,12
201908,1005,2,0,14
201908,1101,2,0,28
201908,1201,2,0,20
201908,1207,2,0,35
201908,1209,2,0,16
201909,501,3,0,0
201909,601,3,0,14
201909,602,3,0,14
201909,1001,3,0,0
201909,1005,3,0,11
201909,1101,3,0,31
201909,1201,3,0,35
201909,1207,3,0,20
201909,1209,3,0,28
201910,501,2,0,0
201910,601,2,0,14
201910,602,2,0,14
201910,1001,2,0,0
201910,1005,2,0,7
201910,1101,2,0,35
201910,1201,2,0,35
201910,1207,2,0,0
201910,1209,2,0,28
201911,501,2,0,0
201911,601,2,0,21
201911,602,2,0,21
201911,1001,2,0,35
201911,1005,2,0,7
201911,1101,2,0,7
201911,1201,2,0,35
201911,1207,2,0,0
201911,1209,2,0,35
201912,501,2,0,0
201912,601,2,0,21
201912,602,2,0,21
201912,1001,2,0,35
201912,1005,2,0,7
201912,1101,2,0,7
201912,1201,2,0,39
201912,1207,2,0,24
201912,1209,2,0,39
201913,501,2,0,0
201913,601,2,0,21
201913,602,2,0,21
201913,1001,2,0,35
201913,1005,2,0,7
201913,1101,2,0,7
201913,1201,2,0,42
201913,1207,2,0,42
201913,1209,2,0,42
201914,501,2,0,0
201914,601,2,0,42
201914,602,2,0,42
201914,1001,2,0,42
201914,1005,2,0,21
201914,1101,2,0,0
201914,1201,2,0,42
201914,1207,2,0,42
201914,1209,2,0,42
201915,501,2,0,0
201915,601,2,0,42
201915,602,2,0,42
201915,1001,2,0,42
201915,1005,2,0,21
201915,1101,2,0,0
201915,1201,2,0,42
201915,1207,2,0,42
201915,1209,2,0,18
201916,501,2,0,0
201916,601,2,0,42
201916,602,2,0,42
201916,1001,2,0,43
201916,1005,2,0,21
201916,1101,2,0,0
201916,1201,2,0,43
201916,1207,2,0,42
201916,1209,2,0,0
201917,501,2,0,0
201917,601,2,0,42
201917,602,2,0,42
201917,1001,2,0,49
201917,1005,2,0,21
201917,1101,2,0,0
201917,1201,2,0,49
201917,1207,2,0,42
201917,1209,2,0,0
201918,501,2,0,5
201918,601,2,0,42
201918,602,2,0,42
201918,1001,2,0,49
201918,1005,2,0,16
201918,1101,2,0,0
201918,1201,2,0,49
201918,1207,2,0,47
201918,1209,2,0,0
201919,501,3,0,9
201919,601,3,0,42
201919,602,3,0,42
201919,1001,3,0,35
201919,1005,3,0,14
201919,1101,3,0,0
201919,1201,3,0,49
201919,1207,3,0,49
201919,1209,3,0,0
201920,501,2,0,14
201920,601,2,0,42
201920,602,2,0,42
201920,1001,2,0,0
201920,1005,2,0,14
201920,1101,2,0,0
201920,1201,2,0,49
201920,1207,2,0,49
201920,1209,2,0,0
201921,501,2,0,20
201921,601,2,0,48
201921,602,2,0,48
201921,1001,2,0,0
201921,1005,2,0,20
201921,1101,2,0,0
201921,1201,2,0,7
201921,1207,2,0,49
201921,1209,2,0,0
201922,501,2,0,23
201922,601,2,0,49
201922,602,2,0,49
201922,1001,2,0,0
201922,1005,2,0,21
201922,1101,2,0,4
201922,1201,2,0,0
201922,1207,2,0,49
201922,1209,2,0,0
201923,501,3,0,28
201923,601,3,0,49
201923,602,3,0,49
201923,1001,3,0,0
201923,1005,3,0,21
201923,1101,3,0,14
201923,1201,3,0,0
201923,1207,3,0,49
201923,1209,3,0,0
201924,501,2,0,4
201924,601,2,0,55
201924,602,2,0,55
201924,1001,2,0,0
201924,1005,2,0,21
201924,1101,2,0,14
201924,1201,2,0,0
201924,1207,2,0,49
201924,1209,2,0,0
201925,501,2,0,0
201925,601,2,0,56
201925,602,2,0,56
201925,1001,2,0,3
201925,1005,2,0,18
201925,1101,2,0,17
201925,1201,2,0,0
201925,1207,2,0,49
201925,1209,2,0,0
201926,501,2,0,0
201926,601,2,0,56
201926,602,2,0,56
201926,1001,2,0,7
201926,1005,2,0,14
201926,1101,2,0,21
201926,1201,2,0,0
201926,1207,2,0,49
201926,1209,2,0,0
201927,501,2,0,0
201927,601,2,0,56
201927,602,2,0,56
201927,1001,2,0,7
201927,1005,2,0,14
201927,1101,2,0,21
201927,1201,2,0,0
201927,1207,2,0,49
201927,1209,2,0,0
201928,501,2,0,0
201928,601,2,0,56
201928,602,2,0,56
201928,1001,2,0,11
201928,1005,2,0,14
201928,1101,2,0,25
201928,1201,2,0,0
201928,1207,2,0,49
201928,1209,2,0,0
201929,501,2,0,0
201929,601,2,0,56
201929,602,2,0,56
201929,1001,2,0,14
201929,1005,2,0,15
201929,1101,2,0,28
201929,1201,2,0,0
201929,1207,2,0,49
201929,1209,2,0,0
201930,501,2,0,0
201930,601,2,0,56
201930,602,2,0,56
201930,1001,2,0,14
201930,1005,2,0,21
201930,1101,2,0,28
201930,1201,2,0,0
201930,1207,2,0,49
201930,1209,2,0,0
201931,501,2,0,0
201931,601,2,0,60
201931,602,2,0,60
201931,1001,2,0,18
201931,1005,2,0,21
201931,1101,2,0,32
201931,1201,2,0,0
201931,1207,2,0,21
201931,1209,2,0,0
201932,501,2,0,0
201932,601,2,0,63
201932,602,2,0,63
201932,1001,2,0,21
201932,1005,2,0,21
201932,1101,2,0,36
201932,1201,2,0,0
201932,1207,2,0,0
201932,1209,2,0,0
201933,501,3,0,0
201933,601,3,0,63
201933,602,3,0,63
201933,1001,3,0,21
201933,1005,3,0,21
201933,1101,3,0,42
201933,1201,3,0,0
201933,1207,3,0,0
201933,1209,3,0,0
201934,501,2,0,5
201934,601,2,0,63
201934,602,2,0,63
201934,1001,2,0,26
201934,1005,2,0,21
201934,1101,2,0,42
201934,1201,2,0,0
201934,1207,2,0,0
201934,1209,2,0,0
201935,501,2,0.2143,8
201935,601,2,0.2143,63
201935,602,2,0.2143,63
201935,1001,2,0.2143,28
201935,1005,2,0.2143,19
201935,1101,2,0.2143,37
201935,1201,2,0.2143,1
201935,1207,2,0.2143,0
201935,1209,2,0.2143,1
201936,501,2,3,14
201936,601,2,3,63
201936,602,2,3,63
201936,1001,2,3,28
201936,1005,2,3,7
201936,1101,2,3,7
201936,1201,2,3,7
201936,1207,2,3,0
201936,1209,2,3,7
201937,501,4,5.3857,19
201937,601,4,5.3857,68
201937,602,4,5.3857,68
201937,1001,4,5.3857,33
201937,1005,4,5.3857,7
201937,1101,4,5.3857,7
201937,1201,4,5.3857,12
201937,1207,4,5.3857,0
201937,1209,4,5.3857,7
201938,501,2,1,15
201938,601,2,1,70
201938,602,2,1,70
201938,1001,2,1,35
201938,1005,2,1,9
201938,1101,2,1,7
201938,1201,2,1,16
201938,1207,2,1,0
201938,1209,2,1,9
201939,501,2,0,0
201939,601,2,0,70
201939,602,2,0,70
201939,1001,2,0,35
201939,1005,2,0,14
201939,1101,2,0,7
201939,1201,2,0,21
201939,1207,2,0,0
201939,1209,2,0,14
201940,501,3,0,24
201940,601,3,0,76
201940,602,3,0,76
201940,1001,3,0,41
201940,1005,3,0,14
201940,1101,3,0,1
201940,1201,3,0,21
201940,1207,3,0,0
201940,1209,3,0,14
201941,501,3,0,16
201941,601,3,0,77
201941,602,3,0,77
201941,1001,3,0,42
201941,1005,3,0,17
201941,1101,3,0,0
201941,1201,3,0,24
201941,1207,3,0,0
201941,1209,3,0,8
201942,501,2,0,0
201942,601,2,0,77
201942,602,2,0,77
201942,1001,2,0,42
201942,1005,2,0,21
201942,1101,2,0,0
201942,1201,2,0,28
201942,1207,2,0,0
201942,1209,2,0,0
201943,501,2,0,0
201943,601,2,0,77
201943,602,2,0,77
201943,1001,2,0,49
201943,1005,2,0,21
201943,1101,2,0,0
201943,1201,2,0,28
201943,1207,2,0,0
201943,1209,2,0,0
201944,501,2,0,0
201944,601,2,0,44
201944,602,2,0,44
201944,1001,2,0,49
201944,1005,2,0,21
201944,1101,2,0,0
201944,1201,2,0,16
201944,1207,2,0,0
201944,1209,2,0,0
201945,501,2,0,0
201945,601,2,0,0
201945,602,2,0,0
201945,1001,2,0,49
201945,1005,2,0,21
201945,1101,2,0,0
201945,1201,2,0,0
201945,1207,2,0,0
201945,1209,2,0,0
201946,501,2,0,0
201946,601,2,0,0
201946,602,2,0,0
201946,1001,2,0,0
201946,1005,2,0,0
201946,1101,2,0,0
201946,1201,2,0,0
201946,1207,2,0,0
201946,1209,2,0,0
201947,501,2,0,0
201947,601,2,0,0
201947,602,2,0,0
201947,1001,2,0,0
201947,1005,2,0,0
201947,1101,2,0,0
201947,1201,2,0,0
201947,1207,2,0,0
201947,1209,2,0,0
201948,501,2,0,0
201948,601,2,0,0
201948,602,2,0,0
201948,1001,2,0,0
201948,1005,2,0,0
201948,1101,2,0,0
201948,1201,2,0,0
201948,1207,2,0,0
201948,1209,2,0,0
201949,501,2,0,0
201949,601,2,0,0
201949,602,2,0,0
201949,1001,2,0,0
201949,1005,2,0,0
201949,1101,2,0,0
201949,1201,2,0,0
201949,1207,2,0,0
201949,1209,2,0,0
201950,501,2,0,0
201950,601,2,0,0
201950,602,2,0,0
201950,1001,2,0,0
201950,1005,2,0,0
201950,1101,2,0,0
201950,1201,2,0,0
201950,1207,2,0,0
201950,1209,2,0,0
201951,501,2,0,0
201951,601,2,0,0
201951,602,2,0,0
201951,1001,2,0,0
201951,1005,2,0,0
201951,1101,2,0,0
201951,1201,2,0,0
201951,1207,2,0,0
201951,1209,2,0,0
201952,501,3,0,0
201952,601,3,0,0
201952,602,3,0,0
201952,1001,3,0,0
201952,1005,3,0,0
201952,1101,3,0,0
201952,1201,3,0,0
201952,1207,3,0,0
201952,1209,3,0,0
202001,501,3,0,5
202001,601,3,0,0
202001,602,3,0,0
202001,1001,3,0,5
202001,1005,3,0,15
202001,1101,3,0,10
202001,1201,3,0,0
202001,1207,3,0,15
202001,1209,3,0,0
202002,501,2,0.0714,9
202002,601,2,0.0714,0
202002,602,2,0.0714,0
202002,1001,2,0.0714,9
202002,1005,2,0.0714,21
202002,1101,2,0.0714,14
202002,1201,2,0.0714,0
202002,1207,2,0.0714,21
202002,1209,2,0.0714,0
202003,501,2,2.5,14
202003,601,2,2.5,0
202003,602,2,2.5,0
202003,1001,2,2.5,14
202003,1005,2,2.5,21
202003,1101,2,2.5,14
202003,1201,2,2.5,0
202003,1207,2,2.5,21
202003,1209,2,2.5,0
202004,501,3,5.5286,20
202004,601,3,5.5286,0
202004,602,3,5.5286,0
202004,1001,3,5.5286,14
202004,1005,3,5.5286,15
202004,1101,3,5.5286,20
202004,1201,3,5.5286,0
202004,1207,3,5.5286,21
202004,1209,3,5.5286,0
202005,501,3,1.5,15
202005,601,3,1.5,2
202005,602,3,1.5,2
202005,1001,3,1.5,18
202005,1005,3,1.5,14
202005,1101,3,1.5,21
202005,1201,3,1.5,0
202005,1207,3,1.5,25
202005,1209,3,1.5,0
202006,501,2,0,0
202006,601,2,0,7
202006,602,2,0,7
202006,1001,2,0,28
202006,1005,2,0,14
202006,1101,2,0,21
202006,1201,2,0,0
202006,1207,2,0,35
202006,1209,2,0,0
202007,501,2,0,24
202007,601,2,0,7
202007,602,2,0,7
202007,1001,2,0,28
202007,1005,2,0,14
202007,1101,2,0,27
202007,1201,2,0,0
202007,1207,2,0,35
202007,1209,2,0,0
202008,501,2,0,16
202008,601,2,0,10
202008,602,2,0,10
202008,1001,2,0,16
202008,1005,2,0,14
202008,1101,2,0,28
202008,1201,2,0,15
202008,1207,2,0,35
202008,1209,2,0,12
202009,501,2,0,0
202009,601,2,0,12
202009,602,2,0,12
202009,1001,2,0,0
202009,1005,2,0,11
202009,1101,2,0,25
202009,1201,2,0,30
202009,1207,2,0,25
202009,1209,2,0,24
202010,501,2,0,0
202010,601,2,0,14
202010,602,2,0,14
202010,1001,2,0,0
202010,1005,2,0,7
202010,1101,2,0,35
202010,1201,2,0,35
202010,1207,2,0,0
202010,1209,2,0,28
202011,501,2,0,0
202011,601,2,0,19
202011,602,2,0,19
202011,1001,2,0,25
202011,1005,2,0,7
202011,1101,2,0,15
202011,1201,2,0,35
202011,1207,2,0,0
202011,1209,2,0,33
202012,501,2,0,0
202012,601,2,0,21
202012,602,2,0,21
202012,1001,2,0,35
202012,1005,2,0,7
202012,1101,2,0,7
202012,1201,2,0,37
202012,1207,2,0,12
202012,1209,2,0,37
202013,501,2,0,0
202013,601,2,0,21
202013,602,2,0,21
202013,1001,2,0,35
202013,1005,2,0,7
202013,1101,2,0,7
202013,1201,2,0,42
202013,1207,2,0,42
202013,1209,2,0,42
202014,501,2,0,0
202014,601,2,0,36
202014,602,2,0,36
202014,1001,2,0,40
202014,1005,2,0,17
202014,1101,2,0,2
202014,1201,2,0,42
202014,1207,2,0,42
202014,1209,2,0,42
202015,501,2,0,0
202015,601,2,0,42
202015,602,2,0,42
202015,1001,2,0,42
202015,1005,2,0,21
202015,1101,2,0,0
202015,1201,2,0,42
202015,1207,2,0,42
202015,1209,2,0,30
202016,501,3,0,0
202016,601,3,0,42
202016,602,3,0,42
202016,1001,3,0,42
202016,1005,3,0,21
202016,1101,3,0,0
202016,1201,3,0,42
202016,1207,3,0,42
202016,1209,3,0,0
202017,501,2,0,0
202017,601,2,0,42
202017,602,2,0,42
202017,1001,2,0,48
202017,1005,2,0,21
202017,1101,2,0,0
202017,1201,2,0,48
202017,1207,2,0,42
202017,1209,2,0,0
202018,501,3,0,3
202018,601,3,0,42
202018,602,3,0,42
202018,1001,3,0,49
202018,1005,3,0,18
202018,1101,3,0,0
202018,1201,3,0,49
202018,1207,3,0,45
202018,1209,3,0,0
202019,501,3,0,7
202019,601,3,0,42
202019,602,3,0,42
202019,1001,3,0,49
202019,1005,3,0,14
202019,1101,3,0,0
202019,1201,3,0,49
202019,1207,3,0,49
202019,1209,3,0,0
202020,501,2,0,14
202020,601,2,0,42
202020,602,2,0,42
202020,1001,2,0,0
202020,1005,2,0,14
202020,1101,2,0,0
202020,1201,2,0,49
202020,1207,2,0,49
202020,1209,2,0,0
202021,501,2,0,18
202021,601,2,0,46
202021,602,2,0,46
202021,1001,2,0,0
202021,1005,2,0,18
202021,1101,2,0,0
202021,1201,2,0,21
202021,1207,2,0,49
202021,1209,2,0,0
202022,501,2,0,21
202022,601,2,0,49
202022,602,2,0,49
202022,1001,2,0,0
202022,1005,2,0,21
202022,1101,2,0,0
202022,1201,2,0,0
202022,1207,2,0,49
202022,1209,2,0,0
202023,501,2,0,28
202023,601,2,0,49
202023,602,2,0,49
202023,1001,2,0,0
202023,1005,2,0,21
202023,1101,2,0,14
202023,1201,2,0,0
202023,1207,2,0,49
202023,1209,2,0,0
202024,501,2,0,12
202024,601,2,0,53
202024,602,2,0,53
202024,1001,2,0,0
202024,1005,2,0,21
202024,1101,2,0,14
202024,1201,2,0,0
202024,1207,2,0,49
202024,1209,2,0,0
202025,501,2,0,0
202025,601,2,0,56
202025,602,2,0,56
202025,1001,2,0,1
202025,1005,2,0,20
202025,1101,2,0,15
202025,1201,2,0,0
202025,1207,2,0,49
202025,1209,2,0,0
202026,501,2,0,0
202026,601,2,0,56
202026,602,2,0,56
202026,1001,2,0,7
202026,1005,2,0,14
202026,1101,2,0,21
202026,1201,2,0,0
202026,1207,2,0,49
202026,1209,2,0,0
202027,501,2,0,0
202027,601,2,0,56
202027,602,2,0,56
202027,1001,2,0,7
202027,1005,2,0,14
202027,1101,2,0,21
202027,1201,2,0,0
202027,1207,2,0,49
202027,1209,2,0,0
202028,501,2,0,0
202028,601,2,0,56
202028,602,2,0,56
202028,1001,2,0,9
202028,1005,2,0,14
202028,1101,2,0,23
202028,1201,2,0,0
202028,1207,2,0,49
202028,1209,2,0,0
202029,501,2,0,0
202029,601,2,0,56
202029,602,2,0,56
202029,1001,2,0,14
202029,1005,2,0,14
202029,1101,2,0,28
202029,1201,2,0,0
202029,1207,2,0,49
202029,1209,2,0,0
202030,501,2,0,0
202030,601,2,0,56
202030,602,2,0,56
202030,1001,2,0,14
202030,1005,2,0,20
202030,1101,2,0,28
202030,1201,2,0,0
202030,1207,2,0,49
202030,1209,2,0,0
202031,501,2,0,0
202031,601,2,0,58
202031,602,2,0,58
202031,1001,2,0,16
202031,1005,2,0,21
202031,1101,2,0,30
202031,1201,2,0,0
202031,1207,2,0,35
202031,1209,2,0,0
202032,501,2,0,0
202032,601,2,0,63
202032,602,2,0,63
202032,1001,2,0,21
202032,1005,2,0,21
202032,1101,2,0,35
202032,1201,2,0,0
202032,1207,2,0,0
202032,1209,2,0,0
202033,501,2,0,0
202033,601,2,0,63
202033,602,2,0,63
202033,1001,2,0,21
202033,1005,2,0,21
202033,1101,2,0,41
202033,1201,2,0,0
202033,1207,2,0,0
202033,1209,2,0,0
202034,501,3,0,3
202034,601,3,0,63
202034,602,3,0,63
202034,1001,3,0,24
202034,1005,3,0,21
202034,1101,3,0,42
202034,1201,3,0,0
202034,1207,3,0,0
202034,1209,3,0,0
202035,501,2,0,7
202035,601,2,0,63
202035,602,2,0,63
202035,1001,2,0,28
202035,1005,2,0,21
202035,1101,2,0,42
202035,1201,2,0,0
202035,1207,2,0,0
202035,1209,2,0,0
202036,501,2,0,13
202036,601,2,0,63
202036,602,2,0,63
202036,1001,2,0,28
202036,1005,2,0,9
202036,1101,2,0,12
202036,1201,2,0,6
202036,1207,2,0,0
202036,1209,2,0,6
202037,501,2,0,17
202037,601,2,0,66
202037,602,2,0,66
202037,1001,2,0,31
202037,1005,2,0,7
202037,1101,2,0,7
202037,1201,2,0,10
202037,1207,2,0,0
202037,1209,2,0,7
202038,501,2,0.4286,21
202038,601,2,0.4286,70
202038,602,2,0.4286,70
202038,1001,2,0.4286,35
202038,1005,2,0.4286,7
202038,1101,2,0.4286,7
202038,1201,2,0.4286,14
202038,1207,2,0.4286,0
202038,1209,2,0.4286,7
202039,501,2,3.5,0
202039,601,2,3.5,70
202039,602,2,3.5,70
202039,1001,2,3.5,35
202039,1005,2,3.5,14
202039,1101,2,3.5,7
202039,1201,2,3.5,21
202039,1207,2,3.5,0
202039,1209,2,3.5,14
202040,501,5,5.0714,16
202040,601,5,5.0714,74
202040,602,5,5.0714,74
202040,1001,5,5.0714,39
202040,1005,5,5.0714,14
202040,1101,5,5.0714,3
202040,1201,5,5.0714,21
202040,1207,5,5.0714,0
202040,1209,5,5.0714,14
202041,501,3,0.6,24
202041,601,3,0.6,77
202041,602,3,0.6,77
202041,1001,3,0.6,42
202041,1005,3,0.6,15
202041,1101,3,0.6,0
202041,1201,3,0.6,22
202041,1207,3,0.6,0
202041,1209,3,0.6,12
202042,501,2,0,0
202042,601,2,0,77
202042,602,2,0,77
202042,1001,2,0,42
202042,1005,2,0,21
202042,1101,2,0,0
202042,1201,2,0,28
202042,1207,2,0,0
202042,1209,2,0,0
202043,501,2,0,0
202043,601,2,0,77
202043,602,2,0,77
202043,1001,2,0,47
202043,1005,2,0,21
202043,1101,2,0,0
202043,1201,2,0,28
202043,1207,2,0,0
202043,1209,2,0,0
202044,501,2,0,0
202044,601,2,0,66
202044,602,2,0,66
202044,1001,2,0,49
202044,1005,2,0,21
202044,1101,2,0,0
202044,1201,2,0,24
202044,1207,2,0,0
202044,1209,2,0,0
202045,501,2,0,0
202045,601,2,0,0
202045,602,2,0,0
202045,1001,2,0,49
202045,1005,2,0,21
202045,1101,2,0,0
202045,1201,2,0,0
202045,1207,2,0,0
202045,1209,2,0,0
202046,501,2,0,0
202046,601,2,0,0
202046,602,2,0,0
202046,1001,2,0,14
202046,1005,2,0,6
202046,1101,2,0,0
202046,1201,2,0,0
202046,1207,2,0,0
202046,1209,2,0,0
202047,501,2,0,0
202047,601,2,0,0
202047,602,2,0,0
202047,1001,2,0,0
202047,1005,2,0,0
202047,1101,2,0,0
202047,1201,2,0,0
202047,1207,2,0,0
202047,1209,2,0,0
202048,501,2,0,0
202048,601,2,0,0
202048,602,2,0,0
202048,1001,2,0,0
202048,1005,2,0,0
202048,1101,2,0,0
202048,1201,2,0,0
202048,1207,2,0,0
202048,1209,2,0,0
202049,501,2,0,0
202049,601,2,0,0
202049,602,2,0,0
202049,1001,2,0,0
202049,1005,2,0,0
202049,1101,2,0,0
202049,1201,2,0,0
202049,1207,2,0,0
202049,1209,2,0,0
202050,501,2,0,0
202050,601,2,0,0
202050,602,2,0,0
202050,1001,2,0,0
202050,1005,2,0,0
202050,1101,2,0,0
202050,1201,2,0,0
202050,1207,2,0,0
202050,1209,2,0,0
202051,501,2,0,0
202051,601,2,0,0
202051,602,2,0,0
202051,1001,2,0,0
202051,1005,2,0,0
202051,1101,2,0,0
202051,1201,2,0,0
202051,1207,2,0,0
202051,1209,2,0,0
202052,501,3,0,0
202052,601,3,0,0
202052,602,3,0,0
202052,1001,3,0,0
202052,1005,3,0,0
202052,1101,3,0,0
202052,1201,3,0,0
202052,1207,3,0,0
202052,1209,3,0,0
202053,501,0,0,0
202053,601,0,0,0
202053,602,0,0,0
202053,1001,0,0,0
202053,1005,0,0,0
202053,1101,0,0,0
202053,1201,0,0,0
202053,1207,0,0,0
202053,1209,0,0,0
202101,501,2,0,7
202101,601,2,0,0
202101,602,2,0,0
202101,1001,2,0,7
202101,1005,2,0,21
202101,1101,2,0,14
202101,1201,2,0,0
202101,1207,2,0,21
202101,1209,2,0,0
202102,501,2,0,14
202102,601,2,0,0
202102,602,2,0,0
202102,1001,2,0,14
202102,1005,2,0,21
202102,1101,2,0,14
202102,1201,2,0,0
202102,1207,2,0,21
202102,1209,2,0,0
202103,501,2,0,18
202103,601,2,0,0
202103,602,2,0,0
202103,1001,2,0,14
202103,1005,2,0,17
202103,1101,2,0,18
202103,1201,2,0,0
202103,1207,2,0,21
202103,1209,2,0,0
202104,501,2,0.2143,21
202104,601,2,0.2143,0
202104,602,2,0.2143,0
202104,1001,2,0.2143,14
202104,1005,2,0.2143,14
202104,1101,2,0.2143,21
202104,1201,2,0.2143,0
202104,1207,2,0.2143,21
202104,1209,2,0.2143,0
202105,501,2,3,0
202105,601,2,3,7
202105,602,2,3,7
202105,1001,2,3,28
202105,1005,2,3,14
202105,1101,2,3,21
202105,1201,2,3,0
202105,1207,2,3,35
202105,1209,2,3,0
202106,501,4,5.3857,16
202106,601,4,5.3857,7
202106,602,4,5.3857,7
202106,1001,4,5.3857,28
202106,1005,4,5.3857,14
202106,1101,4,5.3857,25
202106,1201,4,5.3857,0
202106,1207,4,5.3857,35
202106,1209,4,5.3857,0
202107,501,2,1,24
202107,601,2,1,8
202107,602,2,1,8
202107,1001,2,1,24
202107,1005,2,1,14
202107,1101,2,1,28
202107,1201,2,1,5
202107,1207,2,1,35
202107,1209,2,1,4
202108,501,2,0,0
202108,601,2,0,14
202108,602,2,0,14
202108,1001,2,0,0
202108,1005,2,0,14
202108,1101,2,0,28
202108,1201,2,0,35
202108,1207,2,0,35
202108,1209,2,0,28
202109,501,3,0,0
202109,601,3,0,14
202109,602,3,0,14
202109,1001,3,0,0
202109,1005,3,0,7
202109,1101,3,0,35
202109,1201,3,0,35
202109,1207,3,0,0
202109,1209,3,0,28
202110,501,2,0,0
202110,601,2,0,18
202110,602,2,0,18
202110,1001,2,0,20
202110,1005,2,0,7
202110,1101,2,0,19
202110,1201,2,0,35
202110,1207,2,0,0
202110,1209,2,0,32
202111,501,2,0,0
202111,601,2,0,21
202111,602,2,0,21
202111,1001,2,0,35
202111,1005,2,0,7
202111,1101,2,0,7
202111,1201,2,0,36
202111,1207,2,0,6
202111,1209,2,0,36
202112,501,2,0,0
202112,601,2,0,21
202112,602,2,0,21
202112,1001,2,0,35
202112,1005,2,0,7
202112,1101,2,0,7
202112,1201,2,0,42
202112,1207,2,0,42
202112,1209,2,0,42
202113,501,2,0,0
202113,601,2,0,33
202113,602,2,0,33
202113,1001,2,0,39
202113,1005,2,0,15
202113,1101,2,0,3
202113,1201,2,0,42
202113,1207,2,0,42
202113,1209,2,0,42
202114,501,2,0,0
202114,601,2,0,42
202114,602,2,0,42
202114,1001,2,0,42
202114,1005,2,0,21
202114,1101,2,0,0
202114,1201,2,0,42
202114,1207,2,0,42
202114,1209,2,0,36
202115,501,2,0,0
202115,601,2,0,42
202115,602,2,0,42
202115,1001,2,0,42
202115,1005,2,0,21
202115,1101,2,0,0
202115,1201,2,0,42
202115,1207,2,0,42
202115,1209,2,0,0
202116,501,2,0,0
202116,601,2,0,42
202116,602,2,0,42
202116,1001,2,0,47
202116,1005,2,0,21
202116,1101,2,0,0
202116,1201,2,0,47
202116,1207,2,0,42
202116,1209,2,0,0
202117,501,2,0,2
202117,601,2,0,42
202117,602,2,0,42
202117,1001,2,0,49
202117,1005,2,0,19
202117,1101,2,0,0
202117,1201,2,0,49
202117,1207,2,0,44
202117,1209,2,0,0
202118,501,3,0,7
202118,601,3,0,42
202118,602,3,0,42
202118,1001,3,0,49
202118,1005,3,0,14
202118,1101,3,0,0
202118,1201,3,0,49
202118,1207,3,0,49
202118,1209,3,0,0
202119,501,2,0,13
202119,601,2,0,42
202119,602,2,0,42
202119,1001,2,0,7
202119,1005,2,0,14
202119,1101,2,0,0
202119,1201,2,0,49
202119,1207,2,0,49
202119,1209,2,0,0
202120,501,3,0,17
202120,601,3,0,45
202120,602,3,0,45
202120,1001,3,0,0
202120,1005,3,0,17
202120,1101,3,0,0
202120,1201,3,0,28
202120,1207,3,0,49
202120,1209,3,0,0
202121,501,2,0,21
202121,601,2,0,49
202121,602,2,0,49
202121,1001,2,0,0
202121,1005,2,0,21
202121,1101,2,0,0
202121,1201,2,0,0
202121,1207,2,0,49
202121,1209,2,0,0
202122,501,2,0,27
202122,601,2,0,49
202122,602,2,0,49
202122,1001,2,0,0
202122,1005,2,0,21
202122,1101,2,0,12
202122,1201,2,0,0
202122,1207,2,0,49
202122,1209,2,0,0
202123,501,2,0,16
202123,601,2,0,52
202123,602,2,0,52
202123,1001,2,0,0
202123,1005,2,0,21
202123,1101,2,0,14
202123,1201,2,0,0
202123,1207,2,0,49
202123,1209,2,0,0
202124,501,2,0,0
202124,601,2,0,56
202124,602,2,0,56
202124,1001,2,0,0
202124,1005,2,0,21
202124,1101,2,0,14
202124,1201,2,0,0
202124,1207,2,0,49
202124,1209,2,0,0
202125,501,2,0,0
202125,601,2,0,56
202125,602,2,0,56
202125,1001,2,0,7
202125,1005,2,0,14
202125,1101,2,0,21
202125,1201,2,0,0
202125,1207,2,0,49
202125,1209,2,0,0
202126,501,2,0,0
202126,601,2,0,56
202126,602,2,0,56
202126,1001,2,0,7
202126,1005,2,0,14
202126,1101,2,0,21
202126,1201,2,0,0
202126,1207,2,0,49
202126,1209,2,0,0
202127,501,2,0,0
202127,601,2,0,56
202127,602,2,0,56
202127,1001,2,0,8
202127,1005,2,0,14
202127,1101,2,0,22
202127,1201,2,0,0
202127,1207,2,0,49
202127,1209,2,0,0
202128,501,2,0,0
202128,601,2,0,56
202128,602,2,0,56
202128,1001,2,0,14
202128,1005,2,0,14
202128,1101,2,0,28
202128,1201,2,0,0
202128,1207,2,0,49
202128,1209,2,0,0
202129,501,2,0,0
202129,601,2,0,56
202129,602,2,0,56
202129,1001,2,0,14
202129,1005,2,0,19
202129,1101,2,0,28
202129,1201,2,0,0
202129,1207,2,0,49
202129,1209,2,0,0
202130,501,2,0,0
202130,601,2,0,57
202130,602,2,0,57
202130,1001,2,0,15
202130,1005,2,0,21
202130,1101,2,0,29
202130,1201,2,0,0
202130,1207,2,0,42
202130,1209,2,0,0
202131,501,2,0,0
202131,601,2,0,63
202131,602,2,0,63
202131,1001,2,0,21
202131,1005,2,0,21
202131,1101,2,0,35
202131,1201,2,0,0
202131,1207,2,0,0
202131,1209,2,0,0
202132,501,2,0,0
202132,601,2,0,63
202132,602,2,0,63
202132,1001,2,0,21
202132,1005,2,0,21
202132,1101,2,0,40
202132,1201,2,0,0
202132,1207,2,0,0
202132,1209,2,0,0
202133,501,3,0,2
202133,601,3,0,63
202133,602,3,0,63
202133,1001,3,0,23
202133,1005,3,0,21
202133,1101,3,0,42
202133,1201,3,0,0
202133,1207,3,0,0
202133,1209,3,0,0
202134,501,2,0,7
202134,601,2,0,63
202134,602,2,0,63
202134,1001,2,0,28
202134,1005,2,0,21
202134,1101,2,0,42
202134,1201,2,0,0
202134,1207,2,0,0
202134,1209,2,0,0
202135,501,2,0,12
202135,601,2,0,63
202135,602,2,0,63
202135,1001,2,0,28
202135,1005,2,0,11
202135,1101,2,0,17
202135,1201,2,0,5
202135,1207,2,0,0
202135,1209,2,0,5
202136,501,2,1.0714,16
202136,601,2,1.0714,65
202136,602,2,1.0714,65
202136,1001,2,1.0714,30
202136,1005,2,1.0714,7
202136,1101,2,1.0714,7
202136,1201,2,1.0714,9
202136,1207,2,1.0714,0
202136,1209,2,1.0714,7
202137,501,2,4.5,21
202137,601,2,4.5,70
202137,602,2,4.5,70
202137,1001,2,4.5,35
202137,1005,2,4.5,7
202137,1101,2,4.5,7
202137,1201,2,4.5,14
202137,1207,2,4.5,0
202137,1209,2,4.5,7
202138,501,5,3.9286,3
202138,601,5,3.9286,70
202138,602,5,3.9286,70
202138,1001,5,3.9286,35
202138,1005,5,3.9286,13
202138,1101,5,3.9286,7
202138,1201,5,3.9286,20
202138,1207,5,3.9286,0
202138,1209,5,3.9286,13
202139,501,2,0.1,12
202139,601,2,0.1,73
202139,602,2,0.1,73
202139,1001,2,0.1,38
202139,1005,2,0.1,14
202139,1101,2,0.1,4
202139,1201,2,0.1,21
202139,1207,2,0.1,0
202139,1209,2,0.1,14
202140,501,3,0,28
202140,601,3,0,77
202140,602,3,0,77
202140,1001,3,0,42
202140,1005,3,0,14
202140,1101,3,0,0
202140,1201,3,0,21
202140,1207,3,0,0
202140,1209,3,0,14
202141,501,3,0,0
202141,601,3,0,77
202141,602,3,0,77
202141,1001,3,0,42
202141,1005,3,0,21
202141,1101,3,0,0
202141,1201,3,0,28
202141,1207,3,0,0
202141,1209,3,0,0
202142,501,2,0,0
202142,601,2,0,77
202142,602,2,0,77
202142,1001,2,0,46
202142,1005,2,0,21
202142,1101,2,0,0
202142,1201,2,0,28
202142,1207,2,0,0
202142,1209,2,0,0
202143,501,2,0,0
202143,601,2,0,77
202143,602,2,0,77
202143,1001,2,0,49
202143,1005,2,0,21
202143,1101,2,0,0
202143,1201,2,0,28
202143,1207,2,0,0
202143,1209,2,0,0
202144,501,2,0,0
202144,601,2,0,0
202144,602,2,0,0
202144,1001,2,0,49
202144,1005,2,0,21
202144,1101,2,0,0
202144,1201,2,0,0
202144,1207,2,0,0
202144,1209,2,0,0
202145,501,2,0,0
202145,601,2,0,0
202145,602,2,0,0
202145,1001,2,0,21
202145,1005,2,0,9
202145,1101,2,0,0
202145,1201,2,0,0
202145,1207,2,0,0
202145,1209,2,0,0
202146,501,2,0,0
202146,601,2,0,0
202146,602,2,0,0
202146,1001,2,0,0
202146,1005,2,0,0
202146,1101,2,0,0
202146,1201,2,0,0
202146,1207,2,0,0
202146,1209,2,0,0
202147,501,2,0,0
202147,601,2,0,0
202147,602,2,0,0
202147,1001,2,0,0
202147,1005,2,0,0
202147,1101,2,0,0
202147,1201,2,0,0
202147,1207,2,0,0
202147,1209,2,0,0
202148,501,2,0,0
202148,601,2,0,0
202148,602,2,0,0
202148,1001,2,0,0
202148,1005,2,0,0
202148,1101,2,0,0
202148,1201,2,0,0
202148,1207,2,0,0
202148,1209,2,0,0
202149,501,2,0,0
202149,601,2,0,0
202149,602,2,0,0
202149,1001,2,0,0
202149,1005,2,0,0
202149,1101,2,0,0
202149,1201,2,0,0
202149,1207,2,0,0
202149,1209,2,0,0
202150,501,2,0,0
202150,601,2,0,0
202150,602,2,0,0
202150,1001,2,0,0
202150,1005,2,0,0
202150,1101,2,0,0
202150,1201,2,0,0
202150,1207,2,0,0
202150,1209,2,0,0
202151,501,2,0,0
202151,601,2,0,0
202151,602,2,0,0
202151,1001,2,0,0
202151,1005,2,0,0
202151,1101,2,0,0
202151,1201,2,0,0
202151,1207,2,0,0
202151,1209,2,0,0
202152,501,0,0,0
202152,601,0,0,0
202152,602,0,0,0
202152,1001,0,0,0
202152,1005,0,0,0
202152,1101,0,0,0
202152,1201,0,0,0
202152,1207,0,0,0
202152,1209,0,0,0
202153,501,3,0,3
202153,601,3,0,0
202153,602,3,0,0
202153,1001,3,0,3
202153,1005,3,0,9
202153,1101,3,0,6
202153,1201,3,0,0
202153,1207,3,0,9
202153,1209,3,0,0
202201,501,2,0,7
202201,601,2,0,0
202201,602,2,0,0
202201,1001,2,0,7
202201,1005,2,0,21
202201,1101,2,0,14
202201,1201,2,0,0
202201,1207,2,0,21
202201,1209,2,0,0
202202,501,2,0,13
202202,601,2,0,0
202202,602,2,0,0
202202,1001,2,0,13
202202,1005,2,0,21
202202,1101,2,0,14
202202,1201,2,0,0
202202,1207,2,0,21
202202,1209,2,0,0
202203,501,2,1.0714,17
202203,601,2,1.0714,0
202203,602,2,1.0714,0
202203,1001,2,1.0714,14
202203,1005,2,1.0714,18
202203,1101,2,1.0714,17
202203,1201,2,1.0714,0
202203,1207,2,1.0714,21
202203,1209,2,1.0714,0
202204,501,2,4.5,21
202204,601,2,4.5,0
202204,602,2,4.5,0
202204,1001,2,4.5,14
202204,1005,2,4.5,14
202204,1101,2,4.5,21
202204,1201,2,4.5,0
202204,1207,2,4.5,21
202204,1209,2,4.5,0
202205,501,5,3.9286,3
202205,601,5,3.9286,6
202205,602,5,3.9286,6
202205,1001,5,3.9286,26
202205,1005,5,3.9286,14
202205,1101,5,3.9286,21
202205,1201,5,3.9286,0
202205,1207,5,3.9286,33
202205,1209,5,3.9286,0
202206,501,2,0.1,12
202206,601,2,0.1,7
202206,602,2,0.1,7
202206,1001,2,0.1,28
202206,1005,2,0.1,14
202206,1101,2,0.1,24
202206,1201,2,0.1,0
202206,1207,2,0.1,35
202206,1209,2,0.1,0
202207,501,2,0,28
202207,601,2,0,7
202207,602,2,0,7
202207,1001,2,0,28
202207,1005,2,0,14
202207,1101,2,0,28
202207,1201,2,0,0
202207,1207,2,0,35
202207,1209,2,0,0
202208,501,2,0,0
202208,601,2,0,14
202208,602,2,0,14
202208,1001,2,0,0
202208,1005,2,0,14
202208,1101,2,0,28
202208,1201,2,0,35
202208,1207,2,0,35
202208,1209,2,0,28
202209,501,3,0,0
202209,601,3,0,14
202209,602,3,0,14
202209,1001,3,0,0
202209,1005,3,0,8
202209,1101,3,0,34
202209,1201,3,0,35
202209,1207,3,0,5
202209,1209,3,0,28
202210,501,3,0,0
202210,601,3,0,17
202210,602,3,0,17
202210,1001,3,0,15
202210,1005,3,0,7
202210,1101,3,0,23
202210,1201,3,0,35
202210,1207,3,0,0
202210,1209,3,0,31
202211,501,2,0,0
202211,601,2,0,21
202211,602,2,0,21
202211,1001,2,0,35
202211,1005,2,0,7
202211,1101,2,0,7
202211,1201,2,0,35
202211,1207,2,0,0
202211,1209,2,0,35
202212,501,2,0,0
202212,601,2,0,21
202212,602,2,0,21
202212,1001,2,0,35
202212,1005,2,0,7
202212,1101,2,0,7
202212,1201,2,0,42
202212,1207,2,0,42
202212,1209,2,0,42
202213,501,2,0,0
202213,601,2,0,30
202213,602,2,0,30
202213,1001,2,0,38
202213,1005,2,0,13
202213,1101,2,0,4
202213,1201,2,0,42
202213,1207,2,0,42
202213,1209,2,0,42
202214,501,2,0,0
202214,601,2,0,42
202214,602,2,0,42
202214,1001,2,0,42
202214,1005,2,0,21
202214,1101,2,0,0
202214,1201,2,0,42
202214,1207,2,0,42
202214,1209,2,0,42
202215,501,2,0,0
202215,601,2,0,42
202215,602,2,0,42
202215,1001,2,0,42
202215,1005,2,0,21
202215,1101,2,0,0
202215,1201,2,0,42
202215,1207,2,0,42
202215,1209,2,0,0
202216,501,2,0,0
202216,601,2,0,42
202216,602,2,0,42
202216,1001,2,0,46
202216,1005,2,0,21
202216,1101,2,0,0
202216,1201,2,0,46
202216,1207,2,0,42
202216,1209,2,0,0
202217,501,2,0,1
202217,601,2,0,42
202217,602,2,0,42
202217,1001,2,0,49
202217,1005,2,0,20
202217,1101,2,0,0
202217,1201,2,0,49
202217,1207,2,0,43
202217,1209,2,0,0
202218,501,3,0,7
202218,601,3,0,42
202218,602,3,0,42
202218,1001,3,0,49
202218,1005,3,0,14
202218,1101,3,0,0
202218,1201,3,0,49
202218,1207,3,0,49
202218,1209,3,0,0
202219,501,2,0,12
202219,601,2,0,42
202219,602,2,0,42
202219,1001,2,0,14
202219,1005,2,0,14
202219,1101,2,0,0
202219,1201,2,0,49
202219,1207,2,0,49
202219,1209,2,0,0
202220,501,2,0,16
202220,601,2,0,44
202220,602,2,0,44
202220,1001,2,0,0
202220,1005,2,0,16
202220,1101,2,0,0
202220,1201,2,0,35
202220,1207,2,0,49
202220,1209,2,0,0
202221,501,2,0,21
202221,601,2,0,49
202221,602,2,0,49
202221,1001,2,0,0
202221,1005,2,0,21
202221,1101,2,0,0
202221,1201,2,0,0
202221,1207,2,0,49
202221,1209,2,0,0
202222,501,3,0,26
202222,601,3,0,49
202222,602,3,0,49
202222,1001,3,0,0
202222,1005,3,0,21
202222,1101,3,0,10
202222,1201,3,0,0
202222,1207,3,0,49
202222,1209,3,0,0
202223,501,3,0,20
202223,601,3,0,51
202223,602,3,0,51
202223,1001,3,0,0
202223,1005,3,0,21
202223,1101,3,0,14
202223,1201,3,0,0
202223,1207,3,0,49
202223,1209,3,0,0
202224,501,2,0,0
202224,601,2,0,56
202224,602,2,0,56
202224,1001,2,0,0
202224,1005,2,0,21
202224,1101,2,0,14
202224,1201,2,0,0
202224,1207,2,0,49
202224,1209,2,0,0
202225,501,2,0,0
202225,601,2,0,56
202225,602,2,0,56
202225,1001,2,0,6
202225,1005,2,0,15
202225,1101,2,0,20
202225,1201,2,0,0
202225,1207,2,0,49
202225,1209,2,0,0
202226,501,2,0,0
202226,601,2,0,56
202226,602,2,0,56
202226,1001,2,0,7
202226,1005,2,0,14
202226,1101,2,0,21
202226,1201,2,0,0
202226,1207,2,0,49
202226,1209,2,0,0
202227,501,2,0,0
202227,601,2,0,56
202227,602,2,0,56
202227,1001,2,0,7
202227,1005,2,0,14
202227,1101,2,0,21
202227,1201,2,0,0
202227,1207,2,0,49
202227,1209,2,0,0
202228,501,2,0,0
202228,601,2,0,56
202228,602,2,0,56
202228,1001,2,0,14
202228,1005,2,0,14
202228,1101,2,0,28
202228,1201,2,0,0
202228,1207,2,0,49
202228,1209,2,0,0
202229,501,2,0,0
202229,601,2,0,56
202229,602,2,0,56
202229,1001,2,0,14
202229,1005,2,0,18
202229,1101,2,0,28
202229,1201,2,0,0
202229,1207,2,0,49
202229,1209,2,0,0
202230,501,2,0,0
202230,601,2,0,56
202230,602,2,0,56
202230,1001,2,0,14
202230,1005,2,0,21
202230,1101,2,0,28
202230,1201,2,0,0
202230,1207,2,0,49
202230,1209,2,0,0
202231,501,2,0,0
202231,601,2,0,63
202231,602,2,0,63
202231,1001,2,0,21
202231,1005,2,0,21
202231,1101,2,0,35
202231,1201,2,0,0
202231,1207,2,0,0
202231,1209,2,0,0
202232,501,2,0,0
202232,601,2,0,63
202232,602,2,0,63
202232,1001,2,0,21
202232,1005,2,0,21
202232,1101,2,0,39
202232,1201,2,0,0
202232,1207,2,0,0
202232,1209,2,0,0
202233,501,3,0,1
202233,601,3,0,63
202233,602,3,0,63
202233,1001,3,0,22
202233,1005,3,0,21
202233,1101,3,0,42
202233,1201,3,0,0
202233,1207,3,0,0
202233,1209,3,0,0
202234,501,2,0.0714,7
202234,601,2,0.0714,63
202234,602,2,0.0714,63
202234,1001,2,0.0714,28
202234,1005,2,0.0714,21
202234,1101,2,0.0714,42
202234,1201,2,0.0714,0
202234,1207,2,0.0714,0
202234,1209,2,0.0714,0
202235,501,2,2.5,11
202235,601,2,2.5,63
202235,602,2,2.5,63
202235,1001,2,2.5,28
202235,1005,2,2.5,13
202235,1101,2,2.5,22
202235,1201,2,2.5,4
202235,1207,2,2.5,0
202235,1209,2,2.5,4
202236,501,3,5.5286,15
202236,601,3,5.5286,64
202236,602,3,5.5286,64
202236,1001,3,5.5286,29
202236,1005,3,5.5286,7
202236,1101,3,5.5286,7
202236,1201,3,5.5286,8
202236,1207,3,5.5286,0
202236,1209,3,5.5286,7
202237,501,3,1.5,21
202237,601,3,1.5,70
202237,602,3,1.5,70
202237,1001,3,1.5,35
202237,1005,3,1.5,7
202237,1101,3,1.5,7
202237,1201,3,1.5,14
202237,1207,3,1.5,0
202237,1209,3,1.5,7
202238,501,2,0,6
202238,601,2,0,70
202238,602,2,0,70
202238,1001,2,0,35
202238,1005,2,0,12
202238,1101,2,0,7
202238,1201,2,0,19
202238,1207,2,0,0
202238,1209,2,0,12
202239,501,2,0,8
202239,601,2,0,72
202239,602,2,0,72
202239,1001,2,0,37
202239,1005,2,0,14
202239,1101,2,0,5
202239,1201,2,0,21
202239,1207,2,0,0
202239,1209,2,0,14
202240,501,3,0,28
202240,601,3,0,77
202240,602,3,0,77
202240,1001,3,0,42
202240,1005,3,0,14
202240,1101,3,0,0
202240,1201,3,0,21
202240,1207,3,0,0
202240,1209,3,0,14
202241,501,3,0,4
202241,601,3,0,77
202241,602,3,0,77
202241,1001,3,0,42
202241,1005,3,0,20
202241,1101,3,0,0
202241,1201,3,0,27
202241,1207,3,0,0
202241,1209,3,0,2
202242,501,2,0,0
202242,601,2,0,77
202242,602,2,0,77
202242,1001,2,0,45
202242,1005,2,0,21
202242,1101,2,0,0
202242,1201,2,0,28
202242,1207,2,0,0
202242,1209,2,0,0
202243,501,2,0,0
202243,601,2,0,77
202243,602,2,0,77
202243,1001,2,0,49
202243,1005,2,0,21
202243,1101,2,0,0
202243,1201,2,0,28
202243,1207,2,0,0
202243,1209,2,0,0
202244,501,2,0,0
202244,601,2,0,11
202244,602,2,0,11
202244,1001,2,0,49
202244,1005,2,0,21
202244,1101,2,0,0
202244,1201,2,0,4
202244,1207,2,0,0
202244,1209,2,0,0
202245,501,2,0,0
202245,601,2,0,0
202245,602,2,0,0
202245,1001,2,0,28
202245,1005,2,0,12
202245,1101,2,0,0
202245,1201,2,0,0
202245,1207,2,0,0
202245,1209,2,0,0
202246,501,2,0,0
202246,601,2,0,0
202246,602,2,0,0
202246,1001,2,0,0
202246,1005,2,0,0
202246,1101,2,0,0
202246,1201,2,0,0
202246,1207,2,0,0
202246,1209,2,0,0
202247,501,2,0,0
202247,601,2,0,0
202247,602,2,0,0
202247,1001,2,0,0
202247,1005,2,0,0
202247,1101,2,0,0
202247,1201,2,0,0
202247,1207,2,0,0
202247,1209,2,0,0
202248,501,2,0,0
202248,601,2,0,0
202248,602,2,0,0
202248,1001,2,0,0
202248,1005,2,0,0
202248,1101,2,0,0
202248,1201,2,0,0
202248,1207,2,0,0
202248,1209,2,0,0
202249,501,2,0,0
202249,601,2,0,0
202249,602,2,0,0
202249,1001,2,0,0
202249,1005,2,0,0
202249,1101,2,0,0
202249,1201,2,0,0
202249,1207,2,0,0
202249,1209,2,0,0
202250,501,2,0,0
202250,601,2,0,0
202250,602,2,0,0
202250,1001,2,0,0
202250,1005,2,0,0
202250,1101,2,0,0
202250,1201,2,0,0
202250,1207,2,0,0
202250,1209,2,0,0
202251,501,2,0,0
202251,601,2,0,0
202251,602,2,0,0
202251,1001,2,0,0
202251,1005,2,0,0
202251,1101,2,0,0
202251,1201,2,0,0
202251,1207,2,0,0
202251,1209,2,0,0
202252,501,3,0,2
202252,601,3,0,0
202252,602,3,0,0
202252,1001,3,0,2
202252,1005,3,0,6
202252,1101,3,0,4
202252,1201,3,0,0
202252,1207,3,0,6
202252,1209,3,0,0
202301,501,2,0,7
202301,601,2,0,0
202301,602,2,0,0
202301,1001,2,0,7
202301,1005,2,0,21
202301,1101,2,0,14
202301,1201,2,0,0
202301,1207,2,0,21
202301,1209,2,0,0
202302,501,2,2,12
202302,601,2,2,0
202302,602,2,2,0
202302,1001,2,2,12
202302,1005,2,2,21
202302,1101,2,2,14
202302,1201,2,2,0
202302,1207,2,2,21
202302,1209,2,2,0
202303,501,2,5.5,16
202303,601,2,5.5,0
202303,602,2,5.5,0
202303,1001,2,5.5,14
202303,1005,2,5.5,19
202303,1101,2,5.5,16
202303,1201,2,5.5,0
202303,1207,2,5.5,21
202303,1209,2,5.5,0
202304,501,4,2.1,21
202304,601,4,2.1,0
202304,602,4,2.1,0
202304,1001,4,2.1,14
202304,1005,4,2.1,14
202304,1101,4,2.1,21
202304,1201,4,2.1,0
202304,1207,4,2.1,21
202304,1209,4,2.1,0
202305,501,2,0,6
202305,601,2,0,5
202305,602,2,0,5
202305,1001,2,0,24
202305,1005,2,0,14
202305,1101,2,0,21
202305,1201,2,0,0
202305,1207,2,0,31
202305,1209,2,0,0
202306,501,2,0,8
202306,601,2,0,7
202306,602,2,0,7
202306,1001,2,0,28
202306,1005,2,0,14
202306,1101,2,0,23
202306,1201,2,0,0
202306,1207,2,0,35
202306,1209,2,0,0
202307,501,2,0,28
202307,601,2,0,7
202307,602,2,0,7
202307,1001,2,0,28
202307,1005,2,0,14
202307,1101,2,0,28
202307,1201,2,0,0
202307,1207,2,0,35
202307,1209,2,0,0
202308,501,2,0,4
202308,601,2,0,13
202308,602,2,0,13
202308,1001,2,0,4
202308,1005,2,0,14
202308,1101,2,0,28
202308,1201,2,0,30
202308,1207,2,0,35
202308,1209,2,0,24
202309,501,3,0,0
202309,601,3,0,14
202309,602,3,0,14
202309,1001,3,0,0
202309,1005,3,0,9
202309,1101,3,0,33
202309,1201,3,0,35
202309,1207,3,0,10
202309,1209,3,0,28
202310,501,2,0,0
202310,601,2,0,16
202310,602,2,0,16
202310,1001,2,0,10
202310,1005,2,0,7
202310,1101,2,0,27
202310,1201,2,0,35
202310,1207,2,0,0
202310,1209,2,0,30
202311,501,2,0,0
202311,601,2,0,21
202311,602,2,0,21
202311,1001,2,0,35
202311,1005,2,0,7
202311,1101,2,0,7
202311,1201,2,0,35
202311,1207,2,0,0
202311,1209,2,0,35
202312,501,2,0,0
202312,601,2,0,21
202312,602,2,0,21
202312,1001,2,0,35
202312,1005,2,0,7
202312,1101,2,0,7
202312,1201,2,0,41
202312,1207,2,0,36
202312,1209,2,0,41
202313,501,2,0,0
202313,601,2,0,27
202313,602,2,0,27
202313,1001,2,0,37
202313,1005,2,0,11
202313,1101,2,0,5
202313,1201,2,0,42
202313,1207,2,0,42
202313,1209,2,0,42
202314,501,2,0,0
202314,601,2,0,42
202314,602,2,0,42
202314,1001,2,0,42
202314,1005,2,0,21
202314,1101,2,0,0
202314,1201,2,0,42
202314,1207,2,0,42
202314,1209,2,0,42
202315,501,2,0,0
202315,601,2,0,42
202315,602,2,0,42
202315,1001,2,0,42
202315,1005,2,0,21
202315,1101,2,0,0
202315,1201,2,0,42
202315,1207,2,0,42
202315,1209,2,0,6
202316,501,2,0,0
202316,601,2,0,42
202316,602,2,0,42
202316,1001,2,0,45
202316,1005,2,0,21
202316,1101,2,0,0
202316,1201,2,0,45
202316,1207,2,0,42
202316,1209,2,0,0
202317,501,2,0,0
202317,601,2,0,42
202317,602,2,0,42
202317,1001,2,0,49
202317,1005,2,0,21
202317,1101,2,0,0
202317,1201,2,0,49
202317,1207,2,0,42
202317,1209,2,0,0
202318,501,3,0,7
202318,601,3,0,42
202318,602,3,0,42
202318,1001,3,0,49
202318,1005,3,0,14
202318,1101,3,0,0
202318,1201,3,0,49
202318,1207,3,0,49
202318,1209,3,0,0
202319,501,2,0,11
202319,601,2,0,42
202319,602,2,0,42
202319,1001,2,0,21
202319,1005,2,0,14
202319,1101,2,0,0
202319,1201,2,0,49
202319,1207,2,0,49
202319,1209,2,0,0
202320,501,2,0,15
202320,601,2,0,43
202320,602,2,0,43
202320,1001,2,0,0
202320,1005,2,0,15
202320,1101,2,0,0
202320,1201,2,0,42
202320,1207,2,0,49
202320,1209,2,0,0
202321,501,2,0,21
202321,601,2,0,49
202321,602,2,0,49
202321,1001,2,0,0
202321,1005,2,0,21
202321,1101,2,0,0
202321,1201,2,0,0
202321,1207,2,0,49
202321,1209,2,0,0
202322,501,3,0,25
202322,601,3,0,49
202322,602,3,0,49
202322,1001,3,0,0
202322,1005,3,0,21
202322,1101,3,0,8
202322,1201,3,0,0
202322,1207,3,0,49
202322,1209,3,0,0
202323,501,3,0,24
202323,601,3,0,50
202323,602,3,0,50
202323,1001,3,0,0
202323,1005,3,0,21
202323,1101,3,0,14
202323,1201,3,0,0
202323,1207,3,0,49
202323,1209,3,0,0
202324,501,2,0,0
202324,601,2,0,56
202324,602,2,0,56
202324,1001,2,0,0
202324,1005,2,0,21
202324,1101,2,0,14
202324,1201,2,0,0
202324,1207,2,0,49
202324,1209,2,0,0
202325,501,2,0,0
202325,601,2,0,56
202325,602,2,0,56
202325,1001,2,0,5
202325,1005,2,0,16
202325,1101,2,0,19
202325,1201,2,0,0
202325,1207,2,0,49
202325,1209,2,0,0
202326,501,2,0,0
202326,601,2,0,56
202326,602,2,0,56
202326,1001,2,0,7
202326,1005,2,0,14
202326,1101,2,0,21
202326,1201,2,0,0
202326,1207,2,0,49
202326,1209,2,0,0
202327,501,2,0,0
202327,601,2,0,56
202327,602,2,0,56
202327,1001,2,0,7
202327,1005,2,0,14
202327,1101,2,0,21
202327,1201,2,0,0
202327,1207,2,0,49
202327,1209,2,0,0
202328,501,2,0,0
202328,601,2,0,56
202328,602,2,0,56
202328,1001,2,0,13
202328,1005,2,0,14
202328,1101,2,0,27
202328,1201,2,0,0
202328,1207,2,0,49
202328,1209,2,0,0
202329,501,2,0,0
202329,601,2,0,56
202329,602,2,0,56
202329,1001,2,0,14
202329,1005,2,0,17
202329,1101,2,0,28
202329,1201,2,0,0
202329,1207,2,0,49
202329,1209,2,0,0
202330,501,2,0,0
202330,601,2,0,56
202330,602,2,0,56
202330,1001,2,0,14
202330,1005,2,0,21
202330,1101,2,0,28
202330,1201,2,0,0
202330,1207,2,0,49
202330,1209,2,0,0
202331,501,2,0,0
202331,601,2,0,62
202331,602,2,0,62
202331,1001,2,0,20
202331,1005,2,0,21
202331,1101,2,0,34
202331,1201,2,0,0
202331,1207,2,0,7
202331,1209,2,0,0
202332,501,2,0,0
202332,601,2,0,63
202332,602,2,0,63
202332,1001,2,0,21
202332,1005,2,0,21
202332,1101,2,0,38
202332,1201,2,0,0
202332,1207,2,0,0
202332,1209,2,0,0
202333,501,3,0,0
202333,601,3,0,63
202333,602,3,0,63
202333,1001,3,0,21
202333,1005,3,0,21
202333,1101,3,0,42
202333,1201,3,0,0
202333,1207,3,0,0
202333,1209,3,0,0
202334,501,2,0,7
202334,601,2,0,63
202334,602,2,0,63
202334,1001,2,0,28
202334,1005,2,0,21
202334,1101,2,0,42
202334,1201,2,0,0
202334,1207,2,0,0
202334,1209,2,0,0
202335,501,2,0,10
202335,601,2,0,63
202335,602,2,0,63
202335,1001,2,0,28
202335,1005,2,0,15
202335,1101,2,0,27
202335,1201,2,0,3
202335,1207,2,0,0
202335,1209,2,0,3
202336,501,2,0,14
202336,601,2,0,63
202336,602,2,0,63
202336,1001,2,0,28
202336,1005,2,0,7
202336,1101,2,0,7
202336,1201,2,0,7
202336,1207,2,0,0
202336,1209,2,0,7
202337,501,2,0.2143,21
202337,601,2,0.2143,70
202337,602,2,0.2143,70
202337,1001,2,0.2143,35
202337,1005,2,0.2143,7
202337,1101,2,0.2143,7
202337,1201,2,0.2143,14
202337,1207,2,0.2143,0
202337,1209,2,0.2143,7
202338,501,2,3,9
202338,601,2,3,70
202338,602,2,3,70
202338,1001,2,3,35
202338,1005,2,3,11
202338,1101,2,3,7
202338,1201,2,3,18
202338,1207,2,3,0
202338,1209,2,3,11
202339,501,4,5.3857,4
202339,601,4,5.3857,71
202339,602,4,5.3857,71
202339,1001,4,5.3857,36
202339,1005,4,5.3857,14
202339,1101,4,5.3857,6
202339,1201,4,5.3857,21
202339,1207,4,5.3857,0
202339,1209,4,5.3857,14
202340,501,4,1,28
202340,601,4,1,77
202340,602,4,1,77
202340,1001,4,1,42
202340,1005,4,1,14
202340,1101,4,1,0
202340,1201,4,1,21
202340,1207,4,1,0
202340,1209,4,1,14
202341,501,3,0,8
202341,601,3,0,77
202341,602,3,0,77
202341,1001,3,0,42
202341,1005,3,0,19
202341,1101,3,0,0
202341,1201,3,0,26
202341,1207,3,0,0
202341,1209,3,0,4
202342,501,2,0,0
202342,601,2,0,77
202342,602,2,0,77
202342,1001,2,0,44
202342,1005,2,0,21
202342,1101,2,0,0
202342,1201,2,0,28
202342,1207,2,0,0
202342,1209,2,0,0
202343,501,2,0,0
202343,601,2,0,77
202343,602,2,0,77
202343,1001,2,0,49
202343,1005,2,0,21
202343,1101,2,0,0
202343,1201,2,0,28
202343,1207,2,0,0
202343,1209,2,0,0
202344,501,2,0,0
202344,601,2,0,22
202344,602,2,0,22
202344,1001,2,0,49
202344,1005,2,0,21
202344,1101,2,0,0
202344,1201,2,0,8
202344,1207,2,0,0
202344,1209,2,0,0
202345,501,2,0,0
202345,601,2,0,0
202345,602,2,0,0
202345,1001,2,0,35
202345,1005,2,0,15
202345,1101,2,0,0
202345,1201,2,0,0
202345,1207,2,0,0
202345,1209,2,0,0
202346,501,2,0,0
202346,601,2,0,0
202346,602,2,0,0
202346,1001,2,0,0
202346,1005,2,0,0
202346,1101,2,0,0
202346,1201,2,0,0
202346,1207,2,0,0
202346,1209,2,0,0
202347,501,2,0,0
202347,601,2,0,0
202347,602,2,0,0
202347,1001,2,0,0
202347,1005,2,0,0
202347,1101,2,0,0
202347,1201,2,0,0
202347,1207,2,0,0
202347,1209,2,0,0
202348,501,2,0,0
202348,601,2,0,0
202348,602,2,0,0
202348,1001,2,0,0
202348,1005,2,0,0
202348,1101,2,0,0
202348,1201,2,0,0
202348,1207,2,0,0
202348,1209,2,0,0
202349,501,2,0,0
202349,601,2,0,0
202349,602,2,0,0
202349,1001,2,0,0
202349,1005,2,0,0
202349,1101,2,0,0
202349,1201,2,0,0
202349,1207,2,0,0
202349,1209,2,0,0
202350,501,2,0,0
202350,601,2,0,0
202350,602,2,0,0
202350,1001,2,0,0
202350,1005,2,0,0
202350,1101,2,0,0
202350,1201,2,0,0
202350,1207,2,0,0
202350,1209,2,0,0
202351,501,2,0,0
202351,601,2,0,0
202351,602,2,0,0
202351,1001,2,0,0
202351,1005,2,0,0
202351,1101,2,0,0
202351,1201,2,0,0
202351,1207,2,0,0
202351,1209,2,0,0
202352,501,4,0,1
202352,601,4,0,0
202352,602,4,0,0
202352,1001,4,0,1
202352,1005,4,0,3
202352,1101,4,0,2
202352,1201,4,0,0
202352,1207,4,0,3
202352,1209,4,0,0
202401,501,3,0,7
202401,601,3,0,0
202401,602,3,0,0
202401,1001,3,0,7
202401,1005,3,0,21
202401,1101,3,0,14
202401,1201,3,0,0
202401,1207,3,0,21
202401,1209,3,0,0
202402,501,2,0,11
202402,601,2,0,0
202402,602,2,0,0
202402,1001,2,0,11
202402,1005,2,0,21
202402,1101,2,0,14
202402,1201,2,0,0
202402,1207,2,0,21
202402,1209,2,0,0
202403,501,2,0,15
202403,601,2,0,0
202403,602,2,0,0
202403,1001,2,0,14
202403,1005,2,0,20
202403,1101,2,0,15
202403,1201,2,0,0
202403,1207,2,0,21
202403,1209,2,0,0
202404,501,2,0.0714,21
202404,601,2,0.0714,0
202404,602,2,0.0714,0
202404,1001,2,0.0714,14
202404,1005,2,0.0714,14
202404,1101,2,0.0714,21
202404,1201,2,0.0714,0
202404,1207,2,0.0714,21
202404,1209,2,0.0714,0
202405,501,2,2.5,9
202405,601,2,2.5,4
202405,602,2,2.5,4
202405,1001,2,2.5,22
202405,1005,2,2.5,14
202405,1101,2,2.5,21
202405,1201,2,2.5,0
202405,1207,2,2.5,29
202405,1209,2,2.5,0
202406,501,3,5.5286,4
202406,601,3,5.5286,7
202406,602,3,5.5286,7
202406,1001,3,5.5286,28
202406,1005,3,5.5286,14
202406,1101,3,5.5286,22
202406,1201,3,5.5286,0
202406,1207,3,5.5286,35
202406,1209,3,5.5286,0
202407,501,3,1.5,28
202407,601,3,1.5,7
202407,602,3,1.5,7
202407,1001,3,1.5,28
202407,1005,3,1.5,14
202407,1101,3,1.5,28
202407,1201,3,1.5,0
202407,1207,3,1.5,35
202407,1209,3,1.5,0
202408,501,2,0,8
202408,601,2,0,12
202408,602,2,0,12
202408,1001,2,0,8
202408,1005,2,0,14
202408,1101,2,0,28
202408,1201,2,0,25
202408,1207,2,0,35
202408,1209,2,0,20
202409,501,3,0,0
202409,601,3,0,12
202409,602,3,0,12
202409,1001,3,0,0
202409,1005,3,0,9
202409,1101,3,0,27
202409,1201,3,0,30
202409,1207,3,0,15
202409,1209,3,0,24
202410,501,2,0,0
202410,601,2,0,14
202410,602,2,0,14
202410,1001,2,0,0
202410,1005,2,0,7
202410,1101,2,0,35
202410,1201,2,0,35
202410,1207,2,0,0
202410,1209,2,0,28
202411,501,2,0,0
202411,601,2,0,21
202411,602,2,0,21
202411,1001,2,0,35
202411,1005,2,0,7
202411,1101,2,0,7
202411,1201,2,0,35
202411,1207,2,0,0
202411,1209,2,0,35
202412,501,2,0,0
202412,601,2,0,21
202412,602,2,0,21
202412,1001,2,0,35
202412,1005,2,0,7
202412,1101,2,0,7
202412,1201,2,0,39
202412,1207,2,0,24
202412,1209,2,0,39
202413,501,2,0,0
202413,601,2,0,21
202413,602,2,0,21
202413,1001,2,0,35
202413,1005,2,0,7
202413,1101,2,0,7
202413,1201,2,0,42
202413,1207,2,0,42
202413,1209,2,0,42
202414,501,2,0,0
202414,601,2,0,42
202414,602,2,0,42
202414,1001,2,0,42
202414,1005,2,0,21
202414,1101,2,0,0
202414,1201,2,0,42
202414,1207,2,0,42
202414,1209,2,0,42
202415,501,3,0,0
202415,601,3,0,42
202415,602,3,0,42
202415,1001,3,0,42
202415,1005,3,0,21
202415,1101,3,0,0
202415,1201,3,0,42
202415,1207,3,0,42
202415,1209,3,0,18
202416,501,2,0,0
202416,601,2,0,42
202416,602,2,0,42
202416,1001,2,0,43
202416,1005,2,0,21
202416,1101,2,0,0
202416,1201,2,0,43
202416,1207,2,0,42
202416,1209,2,0,0
202417,501,2,0,0
202417,601,2,0,42
202417,602,2,0,42
202417,1001,2,0,49
202417,1005,2,0,21
202417,1101,2,0,0
202417,1201,2,0,49
202417,1207,2,0,42
202417,1209,2,0,0
202418,501,2,0,5
202418,601,2,0,42
202418,602,2,0,42
202418,1001,2,0,49
202418,1005,2,0,16
202418,1101,2,0,0
202418,1201,2,0,49
202418,1207,2,0,47
202418,1209,2,0,0
202419,501,3,0,9
202419,601,3,0,42
202419,602,3,0,42
202419,1001,3,0,35
202419,1005,3,0,14
202419,1101,3,0,0
202419,1201,3,0,49
202419,1207,3,0,49
202419,1209,3,0,0
202420,501,3,0,14
202420,601,3,0,42
202420,602,3,0,42
202420,1001,3,0,0
202420,1005,3,0,14
202420,1101,3,0,0
202420,1201,3,0,49
202420,1207,3,0,49
202420,1209,3,0,0
202421,501,2,0,20
202421,601,2,0,48
202421,602,2,0,48
202421,1001,2,0,0
202421,1005,2,0,20
202421,1101,2,0,0
202421,1201,2,0,7
202421,1207,2,0,49
202421,1209,2,0,0
202422,501,2,0,23
202422,601,2,0,49
202422,602,2,0,49
202422,1001,2,0,0
202422,1005,2,0,21
202422,1101,2,0,4
202422,1201,2,0,0
202422,1207,2,0,49
202422,1209,2,0,0
202423,501,3,0,28
202423,601,3,0,49
202423,602,3,0,49
202423,1001,3,0,0
202423,1005,3,0,21
202423,1101,3,0,14
202423,1201,3,0,0
202423,1207,3,0,49
202423,1209,3,0,0
202424,501,2,0,4
202424,601,2,0,55
202424,602,2,0,55
202424,1001,2,0,0
202424,1005,2,0,21
202424,1101,2,0,14
202424,1201,2,0,0
202424,1207,2,0,49
202424,1209,2,0,0
202425,501,2,0,0
202425,601,2,0,56
202425,602,2,0,56
202425,1001,2,0,3
202425,1005,2,0,18
202425,1101,2,0,17
202425,1201,2,0,0
202425,1207,2,0,49
202425,1209,2,0,0
202426,501,2,0,0
202426,601,2,0,56
202426,602,2,0,56
202426,1001,2,0,7
202426,1005,2,0,14
202426,1101,2,0,21
202426,1201,2,0,0
202426,1207,2,0,49
202426,1209,2,0,0
202427,501,2,0,0
202427,601,2,0,56
202427,602,2,0,56
202427,1001,2,0,7
202427,1005,2,0,14
202427,1101,2,0,21
202427,1201,2,0,0
202427,1207,2,0,49
202427,1209,2,0,0
202428,501,2,0,0
202428,601,2,0,56
202428,602,2,0,56
202428,1001,2,0,11
202428,1005,2,0,14
202428,1101,2,0,25
202428,1201,2,0,0
202428,1207,2,0,49
202428,1209,2,0,0
202429,501,2,0,0
202429,601,2,0,56
202429,602,2,0,56
202429,1001,2,0,14
202429,1005,2,0,15
202429,1101,2,0,28
202429,1201,2,0,0
202429,1207,2,0,49
202429,1209,2,0,0
202430,501,2,0,0
202430,601,2,0,56
202430,602,2,0,56
202430,1001,2,0,14
202430,1005,2,0,21
202430,1101,2,0,28
202430,1201,2,0,0
202430,1207,2,0,49
202430,1209,2,0,0
202431,501,2,0,0
202431,601,2,0,60
202431,602,2,0,60
202431,1001,2,0,18
202431,1005,2,0,21
202431,1101,2,0,32
202431,1201,2,0,0
202431,1207,2,0,21
202431,1209,2,0,0
202432,501,2,0,0
202432,601,2,0,63
202432,602,2,0,63
202432,1001,2,0,21
202432,1005,2,0,21
202432,1101,2,0,36
202432,1201,2,0,0
202432,1207,2,0,0
202432,1209,2,0,0
202433,501,3,0,0
202433,601,3,0,63
202433,602,3,0,63
202433,1001,3,0,21
202433,1005,3,0,21
202433,1101,3,0,42
202433,1201,3,0,0
202433,1207,3,0,0
202433,1209,3,0,0
202434,501,2,0,5
202434,601,2,0,63
202434,602,2,0,63
202434,1001,2,0,26
202434,1005,2,0,21
202434,1101,2,0,42
202434,1201,2,0,0
202434,1207,2,0,0
202434,1209,2,0,0
202435,501,2,0,8
202435,601,2,0,63
202435,602,2,0,63
202435,1001,2,0,28
202435,1005,2,0,19
202435,1101,2,0,37
202435,1201,2,0,1
202435,1207,2,0,0
202435,1209,2,0,1
202436,501,2,1.0714,14
202436,601,2,1.0714,63
202436,602,2,1.0714,63
202436,1001,2,1.0714,28
202436,1005,2,1.0714,7
202436,1101,2,1.0714,7
202436,1201,2,1.0714,7
202436,1207,2,1.0714,0
202436,1209,2,1.0714,7
202437,501,2,4.5,19
202437,601,2,4.5,68
202437,602,2,4.5,68
202437,1001,2,4.5,33
202437,1005,2,4.5,7
202437,1101,2,4.5,7
202437,1201,2,4.5,12
202437,1207,2,4.5,0
202437,1209,2,4.5,7
202438,501,5,3.9286,15
202438,601,5,3.9286,70
202438,602,5,3.9286,70
202438,1001,5,3.9286,35
202438,1005,5,3.9286,9
202438,1101,5,3.9286,7
202438,1201,5,3.9286,16
202438,1207,5,3.9286,0
202438,1209,5,3.9286,9
202439,501,2,0.1,0
202439,601,2,0.1,70
202439,602,2,0.1,70
202439,1001,2,0.1,35
202439,1005,2,0.1,14
202439,1101,2,0.1,7
202439,1201,2,0.1,21
202439,1207,2,0.1,0
202439,1209,2,0.1,14
202440,501,4,0,24
202440,601,4,0,76
202440,602,4,0,76
202440,1001,4,0,41
202440,1005,4,0,14
202440,1101,4,0,1
202440,1201,4,0,21
202440,1207,4,0,0
202440,1209,4,0,14
202441,501,3,0,16
202441,601,3,0,77
202441,602,3,0,77
202441,1001,3,0,42
202441,1005,3,0,17
202441,1101,3,0,0
202441,1201,3,0,24
202441,1207,3,0,0
202441,1209,3,0,8
202442,501,2,0,0
202442,601,2,0,77
202442,602,2,0,77
202442,1001,2,0,42
202442,1005,2,0,21
202442,1101,2,0,0
202442,1201,2,0,28
202442,1207,2,0,0
202442,1209,2,0,0
202443,501,2,0,0
202443,601,2,0,77
202443,602,2,0,77
202443,1001,2,0,49
202443,1005,2,0,21
202443,1101,2,0,0
202443,1201,2,0,28
202443,1207,2,0,0
202443,1209,2,0,0
202444,501,2,0,0
202444,601,2,0,44
202444,602,2,0,44
202444,1001,2,0,49
202444,1005,2,0,21
202444,1101,2,0,0
202444,1201,2,0,16
202444,1207,2,0,0
202444,1209,2,0,0
202445,501,2,0,0
202445,601,2,0,0
202445,602,2,0,0
202445,1001,2,0,49
202445,1005,2,0,21
202445,1101,2,0,0
202445,1201,2,0,0
202445,1207,2,0,0
202445,1209,2,0,0
202446,501,2,0,0
202446,601,2,0,0
202446,602,2,0,0
202446,1001,2,0,0
202446,1005,2,0,0
202446,1101,2,0,0
202446,1201,2,0,0
202446,1207,2,0,0
202446,1209,2,0,0
202447,501,2,0,0
202447,601,2,0,0
202447,602,2,0,0
202447,1001,2,0,0
202447,1005,2,0,0
202447,1101,2,0,0
202447,1201,2,0,0
202447,1207,2,0,0
202447,1209,2,0,0
202448,501,2,0,0
202448,601,2,0,0
202448,602,2,0,0
202448,1001,2,0,0
202448,1005,2,0,0
202448,1101,2,0,0
202448,1201,2,0,0
202448,1207,2,0,0
202448,1209,2,0,0
202449,501,2,0,0
202449,601,2,0,0
202449,602,2,0,0
202449,1001,2,0,0
202449,1005,2,0,0
202449,1101,2,0,0
202449,1201,2,0,0
202449,1207,2,0,0
202449,1209,2,0,0
202450,501,2,0,0
202450,601,2,0,0
202450,602,2,0,0
202450,1001,2,0,0
202450,1005,2,0,0
202450,1101,2,0,0
202450,1201,2,0,0
202450,1207,2,0,0
202450,1209,2,0,0
202451,501,2,0,0
202451,601,2,0,0
202451,602,2,0,0
202451,1001,2,0,0
202451,1005,2,0,0
202451,1101,2,0,0
202451,1201,2,0,0
202451,1207,2,0,0
202451,1209,2,0,0
202452,501,3,0,0
202452,601,3,0,0
202452,602,3,0,0
202452,1001,3,0,0
202452,1005,3,0,0
202452,1101,3,0,0
202452,1201,3,0,0
202452,1207,3,0,0
202452,1209,3,0,0
202501,501,3,0,5
202501,601,3,0,0
202501,602,3,0,0
202501,1001,3,0,5
202501,1005,3,0,15
202501,1101,3,0,10
202501,1201,3,0,0
202501,1207,3,0,15
202501,1209,3,0,0
202502,501,2,0,9
202502,601,2,0,0
202502,602,2,0,0
202502,1001,2,0,9
202502,1005,2,0,21
202502,1101,2,0,14
202502,1201,2,0,0
202502,1207,2,0,21
202502,1209,2,0,0
202503,501,2,0.7143,14
202503,601,2,0.7143,0
202503,602,2,0.7143,0
202503,1001,2,0.7143,14
202503,1005,2,0.7143,21
202503,1101,2,0.7143,14
202503,1201,2,0.7143,0
202503,1207,2,0.7143,21
202503,1209,2,0.7143,0
202504,501,2,4,20
202504,601,2,4,0
202504,602,2,4,0
202504,1001,2,4,14
202504,1005,2,4,15
202504,1101,2,4,20
202504,1201,2,4,0
202504,1207,2,4,21
202504,1209,2,4,0
202505,501,6,4.5857,15
202505,601,6,4.5857,2
202505,602,6,4.5857,2
202505,1001,6,4.5857,18
202505,1005,6,4.5857,14
202505,1101,6,4.5857,21
202505,1201,6,4.5857,0
202505,1207,6,4.5857,25
202505,1209,6,4.5857,0
202506,501,2,0.3,0
202506,601,2,0.3,7
202506,602,2,0.3,7
202506,1001,2,0.3,28
202506,1005,2,0.3,14
202506,1101,2,0.3,21
202506,1201,2,0.3,0
202506,1207,2,0.3,35
202506,1209,2,0.3,0
202507,501,2,0,24
202507,601,2,0,7
202507,602,2,0,7
202507,1001,2,0,28
202507,1005,2,0,14
202507,1101,2,0,27
202507,1201,2,0,0
202507,1207,2,0,35
202507,1209,2,0,0
202508,501,2,0,16
202508,601,2,0,10
202508,602,2,0,10
202508,1001,2,0,16
202508,1005,2,0,14
202508,1101,2,0,28
202508,1201,2,0,15
202508,1207,2,0,35
202508,1209,2,0,12
202509,501,2,0,0
202509,601,2,0,14
202509,602,2,0,14
202509,1001,2,0,0
202509,1005,2,0,12
202509,1101,2,0,30
202509,1201,2,0,35
202509,1207,2,0,25
202509,1209,2,0,28
202510,501,3,0,0
202510,601,3,0,14
202510,602,3,0,14
202510,1001,3,0,0
202510,1005,3,0,7
202510,1101,3,0,35
202510,1201,3,0,35
202510,1207,3,0,0
202510,1209,3,0,28
202511,501,2,0,0
202511,601,2,0,20
202511,602,2,0,20
202511,1001,2,0,30
202511,1005,2,0,7
202511,1101,2,0,11
202511,1201,2,0,35
202511,1207,2,0,0
202511,1209,2,0,34
202512,501,2,0,0
202512,601,2,0,21
202512,602,2,0,21
202512,1001,2,0,35
202512,1005,2,0,7
202512,1101,2,0,7
202512,1201,2,0,38
202512,1207,2,0,18
202512,1209,2,0,38
202513,501,2,0,0
202513,601,2,0,21
202513,602,2,0,21
202513,1001,2,0,35
202513,1005,2,0,7
202513,1101,2,0,7
202513,1201,2,0,42
202513,1207,2,0,42
202513,1209,2,0,42
202514,501,2,0,0
202514,601,2,0,39
202514,602,2,0,39
202514,1001,2,0,41
202514,1005,2,0,19
202514,1101,2,0,1
202514,1201,2,0,42
202514,1207,2,0,42
202514,1209,2,0,42
202515,501,2,0,0
202515,601,2,0,42
202515,602,2,0,42
202515,1001,2,0,42
202515,1005,2,0,21
202515,1101,2,0,0
202515,1201,2,0,42
202515,1207,2,0,42
202515,1209,2,0,24
202516,501,2,0,0
202516,601,2,0,42
202516,602,2,0,42
202516,1001,2,0,42
202516,1005,2,0,21
202516,1101,2,0,0
202516,1201,2,0,42
202516,1207,2,0,42
202516,1209,2,0,0
202517,501,2,0,0
202517,601,2,0,42
202517,602,2,0,42
202517,1001,2,0,49
202517,1005,2,0,21
202517,1101,2,0,0
202517,1201,2,0,49
202517,1207,2,0,42
202517,1209,2,0,0
202518,501,2,0,4
202518,601,2,0,42
202518,602,2,0,42
202518,1001,2,0,49
202518,1005,2,0,17
202518,1101,2,0,0
202518,1201,2,0,49
202518,1207,2,0,46
202518,1209,2,0,0
202519,501,4,0,8
202519,601,4,0,42
202519,602,4,0,42
202519,1001,4,0,42
202519,1005,4,0,14
202519,1101,4,0,0
202519,1201,4,0,49
202519,1207,4,0,49
202519,1209,4,0,0
202520,501,2,0,14
202520,601,2,0,42
202520,602,2,0,42
202520,1001,2,0,0
202520,1005,2,0,14
202520,1101,2,0,0
202520,1201,2,0,49
202520,1207,2,0,49
202520,1209,2,0,0
202521,501,2,0,19
202521,601,2,0,47
202521,602,2,0,47
202521,1001,2,0,0
202521,1005,2,0,19
202521,1101,2,0,0
202521,1201,2,0,14
202521,1207,2,0,49
202521,1209,2,0,0
202522,501,2,0,22
202522,601,2,0,49
202522,602,2,0,49
202522,1001,2,0,0
202522,1005,2,0,21
202522,1101,2,0,2
202522,1201,2,0,0
202522,1207,2,0,49
202522,1209,2,0,0
202523,501,4,0,28
202523,601,4,0,49
202523,602,4,0,49
202523,1001,4,0,0
202523,1005,4,0,21
202523,1101,4,0,14
202523,1201,4,0,0
202523,1207,4,0,49
202523,1209,4,0,0
202524,501,2,0,8
202524,601,2,0,54
202524,602,2,0,54
202524,1001,2,0,0
202524,1005,2,0,21
202524,1101,2,0,14
202524,1201,2,0,0
202524,1207,2,0,49
202524,1209,2,0,0
202525,501,2,0,0
202525,601,2,0,56
202525,602,2,0,56
202525,1001,2,0,2
202525,1005,2,0,19
202525,1101,2,0,16
202525,1201,2,0,0
202525,1207,2,0,49
202525,1209,2,0,0
202526,501,2,0,0
202526,601,2,0,56
202526,602,2,0,56
202526,1001,2,0,7
202526,1005,2,0,14
202526,1101,2,0,21
202526,1201,2,0,0
202526,1207,2,0,49
202526,1209,2,0,0
202527,501,2,0,0
202527,601,2,0,56
202527,602,2,0,56
202527,1001,2,0,7
202527,1005,2,0,14
202527,1101,2,0,21
202527,1201,2,0,0
202527,1207,2,0,49
202527,1209,2,0,0
202528,501,0,0,0
202528,601,0,0,40
202528,602,0,0,40
202528,1001,0,0,6
202528,1005,0,0,10
202528,1101,0,0,16
202528,1201,0,0,0
202528,1207,0,0,35
202528,1209,0,0,0
