연월일,품종코드,등급코드,총거래량(kg),주간평균단가(원),직팜산지코드,일평균기온,최고기온,최저기온,평균상대습도,강수량(mm),1시간최고강수량(mm),holiday_flag,holiday_score,grow_score,총금액(원)
2018-01-02,05,12,30.0,4874.01804810742,1131,3.1,8.9,-3.3,59.8,0.0,0.0,1,0.0,0.0,114900.0
2018-01-02,99,12,2.0,4874.01804810742,1000,-1.8,1.8,-4.3,42.0,0.0,0.0,1,0.0,0.0,11718.0
2018-01-02,99,12,25.0,4874.01804810742,1000,-1.8,1.8,-4.3,42.0,0.0,0.0,1,0.0,0.0,146497.0
2018-01-02,17,13,20.0,4874.01804810742,1000,-1.8,1.8,-4.3,42.0,0.0,0.0,1,0.0,0.0,45802.0
2018-01-02,17,13,64.0,4874.01804810742,1107,0.7,6.7,-3.2,74.6,0.0,0.0,1,0.0,0.0,184000.0
2018-01-02,17,13,32.0,4874.01804810742,1000,-1.8,1.8,-4.3,42.0,0.0,0.0,1,0.0,0.0,95124.0
2018-01-02,17,13,2.0,4874.01804810742,1000,-1.8,1.8,-4.3,42.0,0.0,0.0,1,0.0,0.0,4754.0
2018-01-02,06,11,140.0,4874.01804810742,1000,-1.8,1.8,-4.3,42.0,0.0,0.0,1,0.0,0.0,989464.0
2018-01-02,06,12,10.0,4874.01804810742,1109,0.8,6.3,-3.9,70.4,0.0,0.0,1,0.0,0.0,50000.0
2018-01-02,06,11,1050.0,4874.01804810742,1107,0.7,6.7,-3.2,74.6,0.0,0.0,1,0.0,0.0,6915000.0
2018-01-02,06,11,30.0,4874.01804810742,1000,-1.8,1.8,-4.3,42.0,0.0,0.0,1,0.0,0.0,210453.0
2018-01-02,06,11,15.0,4874.01804810742,1000,-1.8,1.8,-4.3,42.0,0.0,0.0,1,0.0,0.0,105225.0
2018-01-02,06,12,4.0,4874.01804810742,1107,0.7,6.7,-3.2,74.6,0.0,0.0,1,0.0,0.0,16500.0
2018-01-02,06,11,17.0,4874.01804810742,1000,-1.8,1.8,-4.3,42.0,0.0,0.0,1,0.0,0.0,120139.0
2018-01-02,05,13,80.0,4874.01804810742,1136,7.0,10.1,3.0,53.5,0.0,0.0,1,0.0,0.0,250000.0
2018-01-02,06,12,400.0,4874.01804810742,1107,0.7,6.7,-3.2,74.6,0.0,0.0,1,0.0,0.0,2100000.0
2018-01-02,07,13,64.0,4874.01804810742,1102,0.7,6.7,-3.2,74.6,0.0,0.0,1,0.0,0.0,200000.0
2018-01-02,05,13,10.0,4874.01804810742,1000,-1.8,1.8,-4.3,42.0,0.0,0.0,1,0.0,0.0,32715.0
2018-01-02,05,13,25.0,4874.01804810742,1103,0.7,6.7,-3.2,74.6,0.0,0.0,1,0.0,0.0,77500.0
2018-01-02,05,13,25.0,4874.01804810742,1103,0.7,6.7,-3.2,74.6,0.0,0.0,1,0.0,0.0,80000.0
2018-01-02,99,12,1.0,4874.01804810742,1000,-1.8,1.8,-4.3,42.0,0.0,0.0,1,0.0,0.0,5859.0
2018-01-02,05,13,5.0,4874.01804810742,1102,0.7,6.7,-3.2,74.6,0.0,0.0,1,0.0,0.0,13000.0
2018-01-02,99,12,3.0,4874.01804810742,1000,-1.8,1.8,-4.3,42.0,0.0,0.0,1,0.0,0.0,17577.0
2018-01-02,06,12,200.0,4874.01804810742,1107,0.7,6.7,-3.2,74.6,0.0,0.0,1,0.0,0.0,1225000.0
2018-01-02,07,20,80.0,4874.01804810742,2000,,,,,,,1,0.0,0.0,220000.0
2018-01-02,17,20,40.0,4874.01804810742,2000,,,,,,,1,0.0,0.0,97500.0
2018-01-02,99,12,150.0,4874.01804810742,1141,-0.2,9.1,-8.3,61.4,0.0,0.0,1,0.0,0.0,675000.0
2018-01-02,06,12,80.0,4874.01804810742,1141,-0.2,9.1,-8.3,61.4,0.0,0.0,1,0.0,0.0,483000.0
2018-01-02,06,11,200.0,4874.01804810742,1141,-0.2,9.1,-8.3,61.4,0.0,0.0,1,0.0,0.0,1292000.0
2018-01-02,06,12,1100.0,4874.01804810742,1135,3.7,8.0,-1.0,43.5,0.0,0.0,1,0.0,0.0,6050000.0
2018-01-02,01,13,300.0,4874.01804810742,1135,3.7,8.0,-1.0,43.5,0.0,0.0,1,0.0,0.0,600000.0
2018-01-02,06,12,3120.0,4874.01804810742,1157,0.6,6.6,-7.0,50.5,0.0,0.0,1,0.0,0.0,18920000.0
2018-01-02,17,13,63.0,4874.01804810742,1000,-1.8,1.8,-4.3,42.0,0.0,0.0,1,0.0,0.0,141120.0
2018-01-02,06,12,2000.0,4874.01804810742,1122,0.1,10.2,-8.2,67.0,0.0,0.0,1,0.0,0.0,8780000.0
2018-01-02,06,12,1200.0,4874.01804810742,1122,0.1,10.2,-8.2,67.0,0.0,0.0,1,0.0,0.0,6140000.0
2018-01-02,06,12,2000.0,4874.01804810742,1122,0.1,10.2,-8.2,67.0,0.0,0.0,1,0.0,0.0,12200000.0
2018-01-02,06,11,28.0,4874.01804810742,1112,0.2,6.1,-4.0,76.5,0.0,0.0,1,0.0,0.0,196000.0
2018-01-02,06,12,50.0,4874.01804810742,1093,2.8,7.7,-2.1,79.0,0.0,0.0,1,0.0,0.0,200000.0
2018-01-02,06,12,200.0,4874.01804810742,1079,2.2,8.4,-2.9,67.0,0.0,0.0,1,0.0,0.0,1193900.0
2018-01-02,07,13,8.0,4874.01804810742,1112,0.2,6.1,-4.0,76.5,0.0,0.0,1,0.0,0.0,18000.0
2018-01-02,07,13,16.0,4874.01804810742,1079,2.2,8.4,-2.9,67.0,0.0,0.0,1,0.0,0.0,48000.0
2018-01-02,06,11,196.0,4874.01804810742,1112,0.2,6.1,-4.0,76.5,0.0,0.0,1,0.0,0.0,1372000.0
2018-01-02,06,11,20.0,4874.01804810742,1079,2.2,8.4,-2.9,67.0,0.0,0.0,1,0.0,0.0,144000.0
2018-01-02,06,12,560.0,4874.01804810742,1107,0.7,6.7,-3.2,74.6,0.0,0.0,1,0.0,0.0,3274000.0
2018-01-02,06,12,100.0,4874.01804810742,1102,0.7,6.7,-3.2,74.6,0.0,0.0,1,0.0,0.0,460000.0
2018-01-02,17,20,150.0,4874.01804810742,2000,,,,,,,1,0.0,0.0,375000.0
2018-01-02,06,12,300.0,4874.01804810742,1102,0.7,6.7,-3.2,74.6,0.0,0.0,1,0.0,0.0,1830000.0
2018-01-02,06,11,120.0,4874.01804810742,1001,-3.5,3.5,-9.4,55.1,0.0,0.0,1,0.0,0.0,840000.0
2018-01-02,06,11,54.0,4874.01804810742,1001,-3.5,3.5,-9.4,55.1,0.0,0.0,1,0.0,0.0,390000.0
2018-01-02,06,12,10.0,4874.01804810742,1001,-3.5,3.5,-9.4,55.1,0.0,0.0,1,0.0,0.0,57500.0
2018-01-02,06,11,1.0,4874.01804810742,1001,-3.5,3.5,-9.4,55.1,0.0,0.0,1,0.0,0.0,6500.0
2018-01-02,06,11,8.0,4874.01804810742,1001,-3.5,3.5,-9.4,55.1,0.0,0.0,1,0.0,0.0,52000.0
2018-01-02,06,12,20.0,4874.01804810742,1000,-1.8,1.8,-4.3,42.0,0.0,0.0,1,0.0,0.0,126600.0
2018-01-02,06,11,36.0,4874.01804810742,1000,-1.8,1.8,-4.3,42.0,0.0,0.0,1,0.0,0.0,249840.0
2018-01-02,06,11,2.0,4874.01804810742,1001,-3.5,3.5,-9.4,55.1,0.0,0.0,1,0.0,0.0,21210.0
2018-01-02,06,11,36.0,4874.01804810742,1000,-1.8,1.8,-4.3,42.0,0.0,0.0,1,0.0,0.0,272520.0
2018-01-02,17,13,20.0,4874.01804810742,1000,-1.8,1.8,-4.3,42.0,0.0,0.0,1,0.0,0.0,42430.0
2018-01-02,06,12,60.0,4874.01804810742,1034,-99.0,-99.0,-99.0,-9.0,0.0,0.0,1,0.0,0.0,330000.0
2018-01-02,06,12,60.0,4874.01804810742,1034,-99.0,-99.0,-99.0,-9.0,0.0,0.0,1,0.0,0.0,375000.0
2018-01-02,06,12,100.0,4874.01804810742,1034,-99.0,-99.0,-99.0,-9.0,0.0,0.0,1,0.0,0.0,535000.0
2018-01-02,05,13,40.0,4874.01804810742,1000,-1.8,1.8,-4.3,42.0,0.0,0.0,1,0.0,0.0,105000.0
2018-01-02,04,12,25.0,4874.01804810742,1081,0.4,6.9,-5.5,72.3,0.0,0.0,1,0.0,0.0,90000.0
2018-01-02,06,12,20.0,4874.01804810742,1166,2.8,7.7,-2.1,79.0,0.0,0.0,1,0.0,0.0,80000.0
2018-01-02,17,13,80.0,4874.01804810742,1116,4.1,9.4,-0.3,39.6,0.0,0.0,1,0.0,0.0,200000.0
2018-01-02,06,12,100.0,4874.01804810742,1102,0.7,6.7,-3.2,74.6,0.0,0.0,1,0.0,0.0,510000.0
2018-01-02,05,12,9.0,4874.01804810742,1130,3.2,8.6,-1.8,57.1,0.0,0.0,1,0.0,0.0,38000.0
2018-01-02,06,11,400.0,4874.01804810742,1107,0.7,6.7,-3.2,74.6,0.0,0.0,1,0.0,0.0,2568000.0
2018-01-02,06,12,40.0,4874.01804810742,1001,-3.5,3.5,-9.4,55.1,0.0,0.0,1,0.0,0.0,250000.0
2018-01-02,17,13,224.0,4874.01804810742,1116,4.1,9.4,-0.3,39.6,0.0,0.0,1,0.0,0.0,588000.0
2018-01-02,06,12,70.0,4874.01804810742,1047,-1.4,0.8,-4.3,46.3,0.0,0.0,1,0.0,0.0,385000.0
2018-01-02,06,12,200.0,4874.01804810742,1107,0.7,6.7,-3.2,74.6,0.0,0.0,1,0.0,0.0,1053100.0
2018-01-02,06,12,30.0,4874.01804810742,1102,0.7,6.7,-3.2,74.6,0.0,0.0,1,0.0,0.0,139500.0
2018-01-02,17,13,10.0,4874.01804810742,1000,-1.8,1.8,-4.3,42.0,0.0,0.0,1,0.0,0.0,24316.0
2018-01-02,05,13,8.0,4874.01804810742,1000,-1.8,1.8,-4.3,42.0,0.0,0.0,1,0.0,0.0,22000.0
2018-01-02,05,13,4.0,4874.01804810742,1000,-1.8,1.8,-4.3,42.0,0.0,0.0,1,0.0,0.0,12780.0
2018-01-02,17,13,10.0,4874.01804810742,1000,-1.8,1.8,-4.3,42.0,0.0,0.0,1,0.0,0.0,23430.0
2018-01-02,17,13,16.0,4874.01804810742,1000,-1.8,1.8,-4.3,42.0,0.0,0.0,1,0.0,0.0,46860.0
2018-01-02,17,13,24.0,4874.01804810742,1000,-1.8,1.8,-4.3,42.0,0.0,0.0,1,0.0,0.0,63000.0
2018-01-02,05,13,20.0,4874.01804810742,1000,-1.8,1.8,-4.3,42.0,0.0,0.0,1,0.0,0.0,55920.0
2018-01-02,06,11,65.0,4874.01804810742,1034,-99.0,-99.0,-99.0,-9.0,0.0,0.0,1,0.0,0.0,419000.0
2018-01-02,06,12,200.0,4874.01804810742,1000,-1.8,1.8,-4.3,42.0,0.0,0.0,1,0.0,0.0,1156000.0
2018-01-02,06,12,140.0,4874.01804810742,1000,-1.8,1.8,-4.3,42.0,0.0,0.0,1,0.0,0.0,882000.0
2018-01-02,06,11,500.0,4874.01804810742,1036,-0.7,2.9,-4.2,61.9,0.0,0.0,1,0.0,0.0,3200000.0
2018-01-02,06,11,500.0,4874.01804810742,1036,-0.7,2.9,-4.2,61.9,0.0,0.0,1,0.0,0.0,3200000.0
2018-01-02,99,12,10.0,4874.01804810742,1000,-1.8,1.8,-4.3,42.0,0.0,0.0,1,0.0,0.0,58030.0
2018-01-02,17,13,232.0,4874.01804810742,1000,-1.8,1.8,-4.3,42.0,0.0,0.0,1,0.0,0.0,606625.0
2018-01-02,06,12,490.0,4874.01804810742,1047,-1.4,0.8,-4.3,46.3,0.0,0.0,1,0.0,0.0,2835000.0
2018-01-02,06,11,15.0,4874.01804810742,1047,-1.4,0.8,-4.3,46.3,0.0,0.0,1,0.0,0.0,100000.0
2018-01-02,05,13,20.0,4874.01804810742,1000,-1.8,1.8,-4.3,42.0,0.0,0.0,1,0.0,0.0,58020.0
2018-01-02,06,12,220.0,4874.01804810742,1047,-1.4,0.8,-4.3,46.3,0.0,0.0,1,0.0,0.0,1320000.0
2018-01-03,06,12,50.0,4874.01804810742,1102,-1.7,1.6,-4.1,57.9,0.0,0.0,1,0.0,0.0,278000.0
2018-01-03,06,12,4.0,4874.01804810742,1102,-1.7,1.6,-4.1,57.9,0.0,0.0,1,0.0,0.0,14000.0
2018-01-03,06,12,340.0,4874.01804810742,1102,-1.7,1.6,-4.1,57.9,0.0,0.0,1,0.0,0.0,2040000.0
2018-01-03,06,12,30.0,4874.01804810742,1102,-1.7,1.6,-4.1,57.9,0.0,0.0,1,0.0,0.0,150000.0
2018-01-03,06,11,137.0,4874.01804810742,1034,-99.0,-0.2,-99.0,-9.0,0.0,0.0,1,0.0,0.0,889000.0
2018-01-03,00,11,65.0,4874.01804810742,1000,-4.7,-0.4,-7.1,42.3,0.0,0.0,1,0.0,0.0,415350.0
2018-01-03,06,12,140.0,4874.01804810742,1000,-4.7,-0.4,-7.1,42.3,0.0,0.0,1,0.0,0.0,796000.0
2018-01-03,05,13,40.0,4874.01804810742,1000,-4.7,-0.4,-7.1,42.3,0.0,0.0,1,0.0,0.0,116060.0
2018-01-03,05,13,60.0,4874.01804810742,1000,-4.7,-0.4,-7.1,42.3,0.0,0.0,1,0.0,0.0,180390.0
2018-01-03,05,13,25.0,4874.01804810742,1103,-1.7,1.6,-4.1,57.9,0.0,0.0,1,0.0,0.0,75000.0
