weekno,품종코드,등급코드,직팜산지코드,총금액(원),총거래량(kg),일평균기온,최고기온,최저기온,평균상대습도,강수량(mm),1시간최고강수량(mm),holiday_flag,holiday_score,grow_score,평균단가(원)
2018_01,00,11,1000,740240.0,118.0,-4.45,1.6,-10.5,43.325,0.0,0.0,4,0.0,0.0,6273.0
2018_01,00,13,1030,50400.0,15.0,-3.9,-1.0,-6.9,62.5,0.0,0.0,1,0.0,0.0,3360.0
2018_01,01,11,1121,23680.0,4.0,-0.5,6.8,-8.2,41.6,0.0,0.0,1,0.0,0.0,5920.0
2018_01,01,12,1121,24773520.0,5506.0,1.6,8.8,-5.2,32.199999999999996,0.0,0.0,4,0.0,0.0,4499.0
2018_01,01,12,1138,17180000.0,3200.0,1.4200000000000002,6.5,-8.3,35.72,0.0,0.0,5,0.0,0.0,5369.0
2018_01,01,12,1156,14486000.0,3000.0,-2.9,4.3,-10.4,50.9,0.0,0.0,2,0.0,0.0,4829.0
2018_01,01,12,1168,16020000.0,3000.0,3.2,7.8,-0.5,33.9,0.0,0.0,2,0.0,0.0,5340.0
2018_01,01,13,1022,1000000.0,400.0,-1.2,3.9,-5.1,64.4,0.0,0.0,1,0.0,0.0,2500.0
2018_01,01,13,1094,23000.0,10.0,0.2,3.7,-1.7,56.9,0.0,0.0,1,0.0,0.0,2300.0
2018_01,01,13,1107,142631.0,60.0,-3.5,1.9,-8.7,57.1,0.0,0.0,1,0.0,0.0,2377.0
2018_01,01,13,1112,34000.0,40.0,-2.1,1.4,-5.5,65.3,0.0,0.0,1,0.0,0.0,850.0
2018_01,01,13,1122,210000.0,294.0,-1.7,7.4,-9.6,46.9,0.0,0.0,1,0.0,0.0,714.0
2018_01,01,13,1135,2100000.0,1400.0,3.5,8.6,-1.0,42.55,0.0,0.0,2,0.0,0.0,1500.0
2018_01,01,13,1138,1700000.0,1000.0,-1.3,5.6,-8.3,32.6,0.0,0.0,1,0.0,0.0,1700.0
2018_01,01,13,1164,1882800.0,640.0,-2.3333333333333335,2.9,-6.7,70.7,0.0,0.0,3,0.0,0.0,2942.0
2018_01,01,13,1170,237000.0,100.0,4.6,5.8,3.5,58.6,0.0,0.0,1,0.0,0.0,2370.0
2018_01,01,20,2000,4359000.0,1640.0,,,,,0.0,0.0,8,0.0,0.0,2658.0
2018_01,02,12,1093,722000.0,190.0,-0.4,0.6,-1.0,77.5,0.0,0.0,1,0.0,0.0,3800.0
2018_01,02,12,1131,5000000.0,1000.0,1.6,4.6,-1.7,43.8,0.0,0.0,1,0.0,0.0,5000.0
2018_01,04,12,1081,90000.0,25.0,0.4,6.9,-5.5,72.3,0.0,0.0,1,0.0,0.0,3600.0
2018_01,04,13,1030,35000.0,18.0,-3.9,-1.0,-6.9,62.5,0.0,0.0,2,0.0,0.0,1944.0
2018_01,04,13,1083,30000.0,10.0,-1.6,2.1,-4.3,58.0,0.0,0.0,1,0.0,0.0,3000.0
2018_01,05,11,1000,244341.0,40.0,-4.366666666666667,1.6,-10.5,43.666666666666664,0.0,0.0,3,0.0,0.0,6109.0
2018_01,05,11,1004,574600.0,82.6,0.18571428571428575,7.6,-4.5,35.385714285714286,0.0,0.0,7,0.0,0.0,6956.0
2018_01,05,11,1162,96000.0,12.0,-3.1,2.5,-6.4,66.8,0.0,0.0,1,0.0,0.0,8000.0
2018_01,05,12,1000,853649.0,192.0,-4.65,1.6,-10.5,42.65,0.0,0.0,12,0.0,0.0,4446.0
2018_01,05,12,1019,187000.0,50.0,-1.9,3.9,-6.3,57.0,0.0,0.0,2,0.0,0.0,3740.0
2018_01,05,12,1029,146942.0,40.0,-2.5,1.0,-6.7,69.0,0.0,0.0,1,0.0,0.0,3674.0
2018_01,05,12,1070,52500.0,14.0,-4.7,-0.4,-7.1,42.3,0.0,0.0,1,0.0,0.0,3750.0
2018_01,05,12,1079,54200.0,14.0,-0.6,2.1,-2.3,54.5,0.0,0.0,1,0.0,0.0,3871.0
2018_01,05,12,1089,156450.0,30.0,2.7,5.2,-0.1,70.3,0.0,0.0,1,0.0,0.0,5215.0
2018_01,05,12,1093,1750000.0,350.0,-0.4,0.6,-1.0,77.5,0.0,0.0,1,0.0,0.0,5000.0
2018_01,05,12,1094,80000.0,20.0,1.1,4.2,-1.9,61.5,0.0,0.0,1,0.0,0.0,4000.0
2018_01,05,12,1103,87500.0,25.0,-2.1,0.8,-4.3,59.3,0.0,0.0,1,0.0,0.0,3500.0
2018_01,05,12,1113,1088500.0,280.5,-1.15,3.9,-6.3,50.45,0.0,0.0,2,0.0,0.0,3881.0
2018_01,05,12,1120,50400.0,14.0,0.9,6.6,-4.5,30.0,0.0,0.0,1,0.0,0.0,3600.0
2018_01,05,12,1130,38000.0,9.0,3.2,8.6,-1.8,57.1,0.0,0.0,1,0.0,0.0,4222.0
2018_01,05,12,1131,114900.0,30.0,3.1,8.9,-3.3,59.8,0.0,0.0,1,0.0,0.0,3830.0
2018_01,05,12,1136,785000.0,220.0,4.58,8.4,1.9,66.22,5.4,0.0,5,0.0,0.0,3568.0
2018_01,05,12,1137,3372400.0,870.0,7.318181818181818,11.3,3.6,73.02727272727272,20.7,0.0,11,0.0,0.0,3876.0
2018_01,05,12,1167,633000.0,130.0,-1.3333333333333333,4.1,-4.3,60.43333333333333,0.0,0.0,3,0.0,0.0,4869.0
2018_01,05,13,1000,4569400.0,2636.0,-4.014285714285714,1.8,-10.5,43.61224489795919,0.0,0.0,49,0.0,0.0,1733.0
2018_01,05,13,1007,120000.0,60.0,-0.7,4.8,-5.6,26.1,0.0,0.0,1,0.0,0.0,2000.0
2018_01,05,13,1019,241610.0,74.0,-2.4,2.7,-6.0,53.1,0.0,0.0,2,0.0,0.0,3265.0
2018_01,05,13,1029,57000.0,20.0,-1.0,2.9,-5.5,76.5,0.0,0.0,1,0.0,0.0,2850.0
2018_01,05,13,1044,88700.0,35.0,-3.9,2.0,-7.6,61.6,0.0,0.0,1,0.0,0.0,2534.0
2018_01,05,13,1057,80000.0,40.0,-4.9,1.4,-12.4,59.0,0.0,0.0,1,0.0,0.0,2000.0
2018_01,05,13,1065,189000.0,80.0,-7.0,0.7,-15.2,55.1,0.0,0.0,2,0.0,0.0,2362.0
2018_01,05,13,1070,105000.0,60.0,-5.4,-0.5,-10.5,39.6,0.0,0.0,1,0.0,0.0,1750.0
2018_01,05,13,1071,672000.0,200.0,-4.7,-0.7,-8.7,43.0,0.0,0.0,1,0.0,0.0,3360.0
2018_01,05,13,1085,1280000.0,640.0,-0.19999999999999998,3.8,-2.5,53.55,0.0,0.0,2,0.0,0.0,2000.0
2018_01,05,13,1102,90500.0,30.0,0.24999999999999997,6.7,-3.2,69.35,0.0,0.0,2,0.0,0.0,3017.0
2018_01,05,13,1103,232500.0,75.0,-0.10000000000000002,6.7,-4.1,69.03333333333333,0.0,0.0,3,0.0,0.0,3100.0
2018_01,05,13,1107,256315.0,140.0,-2.9,1.9,-8.7,57.36666666666667,0.0,0.0,3,0.0,0.0,1831.0
2018_01,05,13,1113,1165000.0,360.0,-1.05,3.9,-4.7,50.15,0.0,0.0,2,0.0,0.0,3236.0
2018_01,05,13,1116,872800.0,310.0,3.114285714285714,9.7,-1.7,36.728571428571435,1.6,0.0,7,0.0,0.0,2815.0
2018_01,05,13,1119,112000.0,40.0,2.6,8.8,-3.1,35.9,0.0,0.0,1,0.0,0.0,2800.0
2018_01,05,13,1120,93000.0,43.5,1.3,6.6,-4.5,31.25,0.0,0.0,2,0.0,0.0,2138.0
2018_01,05,13,1125,240000.0,120.0,2.9,6.3,-0.7,37.5,0.0,0.0,1,0.0,0.0,2000.0
2018_01,05,13,1127,52400.0,40.0,2.4,8.6,-2.7,37.9,0.0,0.0,1,0.0,0.0,1310.0
2018_01,05,13,1128,148800.0,80.0,2.4,8.6,-2.7,37.9,0.0,0.0,1,0.0,0.0,1860.0
2018_01,05,13,1131,240000.0,132.0,1.366666666666667,6.6,-3.9,40.53333333333333,0.0,0.0,3,0.0,0.0,1818.0
2018_01,05,13,1135,221000.0,110.0,1.675,8.4,-3.1,31.674999999999997,0.0,0.0,4,0.0,0.0,2009.0
2018_01,05,13,1136,20248500.0,7858.0,4.673529411764705,10.1,1.9,63.879411764705885,79.2,0.0,68,0.0,0.0,2577.0
2018_01,05,13,1137,579000.0,260.0,6.6000000000000005,9.9,3.6,74.66666666666667,5.8,0.0,3,0.0,0.0,2227.0
2018_01,05,13,1138,856680.0,384.0,-1.3,5.6,-8.3,32.6,0.0,0.0,4,0.0,0.0,2231.0
2018_01,05,13,1166,464500.0,170.0,1.0,2.5,-0.4,74.1,0.0,0.0,1,0.0,0.0,2732.0
2018_01,05,13,1170,4558700.0,1880.0,4.512499999999999,8.4,1.9,66.0625,10.2,0.0,8,0.0,0.0,2425.0
2018_01,06,11,1000,37662190.0,5767.0,-4.073333333333333,1.8,-10.5,43.21333333333333,0.0,0.0,45,0.0,0.0,6531.0
2018_01,06,11,1001,10055710.0,1510.0,-4.810526315789473,3.5,-11.7,61.93157894736842,0.0,0.0,19,0.0,0.0,6659.0
2018_01,06,11,1004,1752300.0,253.1,0.2888888888888889,7.6,-4.9,32.55555555555556,0.0,0.0,9,0.0,0.0,6923.0
2018_01,06,11,1008,2010000.0,300.0,-4.5,-0.7,-9.6,54.5,0.0,0.0,1,0.0,0.0,6700.0
2018_01,06,11,1025,6869000.0,990.0,-0.75,4.0,-5.5,66.55,0.0,0.0,8,0.0,0.0,6938.0
2018_01,06,11,1030,546500.0,80.0,-2.9,2.9,-6.9,67.45,0.0,0.0,2,0.0,0.0,6831.0
2018_01,06,11,1033,4950000.0,751.0,-2.466666666666667,2.6,-10.1,61.43333333333334,0.0,0.0,3,0.0,0.0,6591.0
2018_01,06,11,1034,18945000.0,2939.0,-25.16818181818182,2.9,-99.0,48.66363636363636,0.0,0.0,22,0.0,0.0,6446.0
2018_01,06,11,1036,25600000.0,4000.0,-1.925,3.3,-6.2,53.224999999999994,0.0,0.0,8,0.0,0.0,6400.0
2018_01,06,11,1047,7712000.0,1215.0,-4.229411764705882,0.8,-9.1,50.92941176470588,0.0,0.0,17,0.0,0.0,6347.0
2018_01,06,11,1050,4535000.0,760.0,-4.9,-1.0,-9.1,52.1,0.0,0.0,2,0.0,0.0,5967.0
2018_01,06,11,1055,5649000.0,810.0,-3.8000000000000003,-0.2,-7.6,52.84285714285714,0.0,0.0,7,0.0,0.0,6974.0
2018_01,06,11,1070,4556781.0,676.0,-3.85,1.6,-8.7,45.46666666666667,0.0,0.0,6,0.0,0.0,6741.0
2018_01,06,11,1079,527800.0,76.0,0.28,8.4,-7.0,55.760000000000005,0.0,0.0,5,0.0,0.0,6945.0
2018_01,06,11,1093,26294000.0,3980.0,0.6533333333333334,3.9,-4.4,75.76,0.0,0.0,15,0.0,0.0,6607.0
2018_01,06,11,1100,14930000.0,2200.0,1.2,5.2,-1.7,52.56666666666666,0.0,0.0,3,0.0,0.0,6786.0
2018_01,06,11,1107,18073157.0,2750.0,-0.8250000000000001,6.7,-4.3,63.974999999999994,0.0,0.0,8,0.0,0.0,6572.0
2018_01,06,11,1112,5180000.0,789.0,-1.5444444444444445,6.1,-10.1,69.05555555555556,0.0,0.0,9,0.0,0.0,6565.0
2018_01,06,11,1116,137400.0,20.0,2.8,7.7,-1.7,38.3,0.0,0.0,1,0.0,0.0,6870.0
2018_01,06,11,1121,116510850.0,19285.0,0.9000000000000001,8.8,-8.2,35.50714285714286,0.0,0.0,14,0.0,0.0,6042.0
2018_01,06,11,1131,2232000.0,340.0,2.45,7.1,-1.7,44.55,0.0,0.0,2,0.0,0.0,6565.0
2018_01,06,11,1132,4200000.0,800.0,-3.5,8.0,-12.4,44.6,0.0,0.0,1,0.0,0.0,5250.0
2018_01,06,11,1136,77501000.0,11870.0,4.75625,8.4,1.9,65.625,27.0,0.0,16,0.0,0.0,6529.0
2018_01,06,11,1138,1956000.0,280.0,2.1,6.5,-0.4,36.5,0.0,0.0,2,0.0,0.0,6986.0
2018_01,06,11,1141,12708300.0,2105.0,-0.9833333333333333,9.1,-11.5,47.833333333333336,0.0,0.0,6,0.0,0.0,6037.0
2018_01,06,11,1157,7311750.0,1110.0,-0.09999999999999999,5.0,-4.4,33.25,0.0,0.0,2,0.0,0.0,6587.0
2018_01,06,11,1162,3582800.0,580.0,-4.9,1.4,-12.4,59.0,0.0,0.0,1,0.0,0.0,6177.0
2018_01,06,11,1164,2608000.0,400.0,-3.033333333333333,2.9,-13.2,72.66666666666667,0.0,0.0,3,0.0,0.0,6520.0
2018_01,06,11,1170,2016000.0,320.0,4.6,5.8,3.5,58.6,0.0,0.0,1,0.0,0.0,6300.0
2018_01,06,12,1000,189946634.0,33036.0,-4.048148148148148,1.8,-10.5,44.209259259259255,0.0,0.0,54,0.0,0.0,5750.0
2018_01,06,12,1001,5419000.0,932.0,-4.96,3.5,-11.7,63.81,0.0,0.0,10,0.0,0.0,5814.0
2018_01,06,12,1008,1925000.0,330.0,-3.0,1.7,-6.4,59.5,0.0,0.0,3,0.0,0.0,5833.0
